=== version() ===
('PostgreSQL 12.22 (Ubuntu 12.22-0ubuntu0.20.04.4) on x86_64-pc-linux-gnu, compiled by gcc (Ubuntu 9.4.0-1ubuntu1~20.04.2) 9.4.0, 64-bit',)

=== database/user/schema ===
('cmswh', 'cmswh', 'public')

=== tables ===
('airbyte_internal', '_airbyte_connection_test_6e438cfbc699495da9744fc7e98421a9')
('airbyte_internal', '_airbyte_destination_state')
('airbyte_internal', 'finance_raw__stream_targetdistributor')
('competitor', 'brands')
('competitor', 'companies')
('competitor', 'company_activity')
('competitor', 'locations')
('competitor', 'products')
('competitor', 'promotions')
('competitor', 'retailers')
('competitor_intel', 'alembic_version')
('competitor_intel', 'brands')
('competitor_intel', 'competitors')
('competitor_intel', 'crawl_documents')
('competitor_intel', 'crawl_jobs')
('competitor_intel', 'entity_mapping')
('competitor_intel', 'products')
('competitor_intel', 'promotion_evidence')
('competitor_intel', 'promotion_observations')
('competitor_intel', 'promotions')
('competitor_intel', 'retailers')
('competitor_intel', 'review_queue')
('competitor_intel', 'source_registry')
('dwh_prod', 'ai_gm_insight')
('dwh_prod', 'ai_gm_insightina')
('dwh_prod', 'ai_insight')
('dwh_prod', 'ai_insightina')
('dwh_prod', 'ai_region_insight')
('dwh_prod', 'ai_region_insightina')
('dwh_prod', 'dimbranch')
('dwh_prod', 'dimbranchina')
('dwh_prod', 'dimcust')
('dwh_prod', 'dimcustina')
('dwh_prod', 'dimcustmstnoo')
('dwh_prod', 'dimcustmstnooina')
('dwh_prod', 'dimcustomermkt')
('dwh_prod', 'dimcustomermktina')
('dwh_prod', 'dimdate')
('dwh_prod', 'dimproduct')
('dwh_prod', 'dimregion')
('dwh_prod', 'dimregionina')
('dwh_prod', 'dimse')
('dwh_prod', 'dimseina')
('dwh_prod', 'dimsellingpoint')
('dwh_prod', 'dimsellingpointina')
('dwh_prod', 'dimspv')
('dwh_prod', 'dimspvina')
('dwh_prod', 'etl_refresh_log')
('dwh_prod', 'etms_product_np')
('dwh_prod', 'f_cust5p')
('dwh_prod', 'f_region5pina')
('dwh_prod', 'f_se5p')
('dwh_prod', 'f_spv5p')
('dwh_prod', 'factfrequencyipc')
('dwh_prod', 'factfrequencyipcina')
('dwh_prod', 'factfrequencyipcsi')
('dwh_prod', 'factfrequencyipcsiina')
('dwh_prod', 'factfrequencyipt')
('dwh_prod', 'factfrequencyiptina')
('dwh_prod', 'factfrequencyiptsi')
('dwh_prod', 'factfrequencyiptsiina')
('dwh_prod', 'factsellinmkt')
('dwh_prod', 'factsellinmktina')
('dwh_prod', 'factselloutmkt')
('dwh_prod', 'factselloutmktina')
('dwh_prod', 'facttinoutmkt')
('dwh_prod', 'facttinoutmktina')
('dwh_prod', 'farea')
('dwh_prod', 'farea5p')
('dwh_prod', 'farea5pina')
('dwh_prod', 'fbrand')
('dwh_prod', 'fclassification_prc')
('dwh_prod', 'fcust5pina')
('dwh_prod', 'fcustmst')
('dwh_prod', 'fcustmst_dist')
('dwh_prod', 'fcustmst_dist_map')
('dwh_prod', 'fcustmstnew')
('dwh_prod', 'fdivision')
('dwh_prod', 'fgrupout')
('dwh_prod', 'fmaster')
('dwh_prod', 'fmsl_h')
('dwh_prod', 'fmsl_product')
('dwh_prod', 'fmss_h')
('dwh_prod', 'fmss_product')
('dwh_prod', 'fnpd_h')
('dwh_prod', 'fnpd_product')
('dwh_prod', 'forecast_sellin_eom')
('dwh_prod', 'fparam')
('dwh_prod', 'fprlin')
('dwh_prod', 'fregion5p')
('dwh_prod', 'frute')
('dwh_prod', 'fsalesman')
('dwh_prod', 'fse5pina')
('dwh_prod', 'fspv5pina')
('dwh_prod', 'fstockbarang')
('dwh_prod', 'ftarget')
('dwh_prod', 'ftypeout')
('dwh_prod', 'gs_bookmonth')
('dwh_prod', 'gs_working_day')
('dwh_prod', 'm_cabang2')
('dwh_prod', 'm_sales_org_hierarchy')
('dwh_prod', 'm_sales_org_hierarchyina')
('dwh_prod', 'm_scabang')
('dwh_prod', 'm_scabang_dist')
('dwh_prod', 'm_scabang_dist_map')
('dwh_prod', 'mcustascend')
('dwh_prod', 'mcusterpraw')
('dwh_prod', 'mitemascend')
('dwh_prod', 'mitemerp')
('dwh_prod', 'mt_daily_updateasw')
('dwh_prod', 'mt_daily_updateina')
('dwh_prod', 'mt_daily_updatestockasw')
('dwh_prod', 'mt_daily_updatestockina')
('dwh_prod', 'rpt_visit_an_d')
('dwh_prod', 'rpt_visit_an_h')
('dwh_prod', 'sap_web_inv_sfa')
('dwh_prod', 'sellinascend')
('dwh_prod', 'sellinerp')
('dwh_prod', 't_visit')
('dwh_prod', 'target_order_monthly')
('dwh_prod', 'targetdistexcl')
('dwh_prod', 'targetdistributoreska')
('dwh_prod', 'targetdistributoreskaina')
('dwh_prod', 'targetrwoasw')
('dwh_prod', 'targetrwoina')
('dwh_prod', 'tsellinsellouteska2425')
('dwh_prod', 'tsellinsellouteskaina2425')
('dwh_prod', 'user_hierarky')
('dwh_prod', 'users')
('dwh_prod', 'v_ai_ceo_monthly_diagnostics_v2')
('dwh_prod', 'v_ai_ceo_monthly_forecast_v2')
('dwh_prod', 'v_ai_forecast_insight_input_v2')
('dwh_prod', 'v_ai_gm_monthly_diagnostics_v2')
('dwh_prod', 'v_ai_gm_monthly_forecast_v2')
('dwh_prod', 'v_ai_monthly_working_days')
('dwh_prod', 'v_ai_region_monthly_diagnostics_v2')
('dwh_prod', 'v_ai_region_monthly_insight_v2')
('dwh_prod', 'v_dashboard_ceo_ai_insight')
('dwh_prod', 'v_dashboard_region_ai_insight')
('dwh_prod', 'v_fperiode')
('dwh_prod', 'v_mst_region_branch_sellpoint')
('dwh_prod', 'z_target_order_monthly')
('dwh_raw', 'mcustalamaterpraw')
('dwh_raw', 'mcustascendraw')
('dwh_raw', 'mcusterpraw')
('dwh_raw', 'sellinascend')
('dwh_raw', 'sellinerpraw')
('finance', 'TargetDistributor')
('finance', 'ar_asw')
('finance', 'date_dim')
('finance', 'dimcustap_asw')
('finance', 'dimcustar')
('finance', 'fact_ap_asw')
('finance', 'fact_ar_asw')

=== columns ===
('airbyte_internal', '_airbyte_connection_test_6e438cfbc699495da9744fc7e98421a9', '_airbyte_raw_id', 1, 'character varying', 'varchar', 'NO', None)
('airbyte_internal', '_airbyte_connection_test_6e438cfbc699495da9744fc7e98421a9', '_airbyte_data', 2, 'jsonb', 'jsonb', 'YES', None)
('airbyte_internal', '_airbyte_connection_test_6e438cfbc699495da9744fc7e98421a9', '_airbyte_extracted_at', 3, 'timestamp with time zone', 'timestamptz', 'YES', 'CURRENT_TIMESTAMP')
('airbyte_internal', '_airbyte_connection_test_6e438cfbc699495da9744fc7e98421a9', '_airbyte_loaded_at', 4, 'timestamp with time zone', 'timestamptz', 'YES', None)
('airbyte_internal', '_airbyte_connection_test_6e438cfbc699495da9744fc7e98421a9', '_airbyte_meta', 5, 'jsonb', 'jsonb', 'YES', None)
('airbyte_internal', '_airbyte_connection_test_6e438cfbc699495da9744fc7e98421a9', '_airbyte_generation_id', 6, 'bigint', 'int8', 'YES', None)
('airbyte_internal', '_airbyte_destination_state', 'name', 1, 'character varying', 'varchar', 'YES', None)
('airbyte_internal', '_airbyte_destination_state', 'namespace', 2, 'character varying', 'varchar', 'YES', None)
('airbyte_internal', '_airbyte_destination_state', 'destination_state', 3, 'character varying', 'varchar', 'YES', None)
('airbyte_internal', '_airbyte_destination_state', 'updated_at', 4, 'timestamp with time zone', 'timestamptz', 'YES', None)
('airbyte_internal', 'finance_raw__stream_targetdistributor', '_airbyte_raw_id', 1, 'character varying', 'varchar', 'NO', None)
('airbyte_internal', 'finance_raw__stream_targetdistributor', '_airbyte_data', 2, 'jsonb', 'jsonb', 'YES', None)
('airbyte_internal', 'finance_raw__stream_targetdistributor', '_airbyte_extracted_at', 3, 'timestamp with time zone', 'timestamptz', 'YES', 'CURRENT_TIMESTAMP')
('airbyte_internal', 'finance_raw__stream_targetdistributor', '_airbyte_loaded_at', 4, 'timestamp with time zone', 'timestamptz', 'YES', None)
('airbyte_internal', 'finance_raw__stream_targetdistributor', '_airbyte_meta', 5, 'jsonb', 'jsonb', 'YES', None)
('airbyte_internal', 'finance_raw__stream_targetdistributor', '_airbyte_generation_id', 6, 'bigint', 'int8', 'YES', None)
('competitor', 'brands', 'id', 1, 'uuid', 'uuid', 'NO', None)
('competitor', 'brands', 'brand_name', 2, 'character varying', 'varchar', 'NO', None)
('competitor', 'brands', 'company_id', 3, 'uuid', 'uuid', 'YES', None)
('competitor', 'brands', 'category', 4, 'character varying', 'varchar', 'YES', None)
('competitor', 'brands', 'created_at', 5, 'timestamp without time zone', 'timestamp', 'NO', None)
('competitor', 'companies', 'id', 1, 'uuid', 'uuid', 'NO', None)
('competitor', 'companies', 'company_name', 2, 'character varying', 'varchar', 'NO', None)
('competitor', 'companies', 'parent_company', 3, 'character varying', 'varchar', 'YES', None)
('competitor', 'companies', 'industry', 4, 'character varying', 'varchar', 'YES', None)
('competitor', 'companies', 'company_type', 5, 'character varying', 'varchar', 'YES', None)
('competitor', 'companies', 'website', 6, 'character varying', 'varchar', 'YES', None)
('competitor', 'companies', 'created_at', 7, 'timestamp without time zone', 'timestamp', 'NO', None)
('competitor', 'company_activity', 'id', 1, 'uuid', 'uuid', 'NO', None)
('competitor', 'company_activity', 'company_id', 2, 'uuid', 'uuid', 'YES', None)
('competitor', 'company_activity', 'activity_type', 3, 'character varying', 'varchar', 'YES', None)
('competitor', 'company_activity', 'activity_date', 4, 'timestamp without time zone', 'timestamp', 'YES', None)
('competitor', 'company_activity', 'title', 5, 'character varying', 'varchar', 'YES', None)
('competitor', 'company_activity', 'description', 6, 'text', 'text', 'YES', None)
('competitor', 'company_activity', 'location_id', 7, 'uuid', 'uuid', 'YES', None)
('competitor', 'company_activity', 'related_product_id', 8, 'uuid', 'uuid', 'YES', None)
('competitor', 'company_activity', 'source_url', 9, 'text', 'text', 'YES', None)
('competitor', 'company_activity', 'created_at', 10, 'timestamp without time zone', 'timestamp', 'NO', None)
('competitor', 'locations', 'id', 1, 'uuid', 'uuid', 'NO', None)
('competitor', 'locations', 'country', 2, 'character varying', 'varchar', 'YES', None)
('competitor', 'locations', 'province', 3, 'character varying', 'varchar', 'YES', None)
('competitor', 'locations', 'city', 4, 'character varying', 'varchar', 'YES', None)
('competitor', 'locations', 'region', 5, 'character varying', 'varchar', 'YES', None)
('competitor', 'locations', 'latitude', 6, 'double precision', 'float8', 'YES', None)
('competitor', 'locations', 'longitude', 7, 'double precision', 'float8', 'YES', None)
('competitor', 'products', 'id', 1, 'uuid', 'uuid', 'NO', None)
('competitor', 'products', 'product_name', 2, 'character varying', 'varchar', 'NO', None)
('competitor', 'products', 'brand_id', 3, 'uuid', 'uuid', 'YES', None)
('competitor', 'products', 'company_id', 4, 'uuid', 'uuid', 'YES', None)
('competitor', 'products', 'category', 5, 'character varying', 'varchar', 'YES', None)
('competitor', 'products', 'sub_category', 6, 'character varying', 'varchar', 'YES', None)
('competitor', 'products', 'sku', 7, 'character varying', 'varchar', 'YES', None)
('competitor', 'products', 'unit', 8, 'character varying', 'varchar', 'YES', None)
('competitor', 'products', 'created_at', 9, 'timestamp without time zone', 'timestamp', 'NO', None)
('competitor', 'products', 'variant_name', 10, 'character varying', 'varchar', 'YES', None)
('competitor', 'products', 'pack_size_grams', 11, 'character varying', 'varchar', 'YES', None)
('competitor', 'products', 'units_per_carton', 12, 'integer', 'int4', 'YES', None)
('competitor', 'products', 'carton_label', 13, 'character varying', 'varchar', 'YES', None)
('competitor', 'promotions', 'id', 1, 'uuid', 'uuid', 'NO', None)
('competitor', 'promotions', 'product_id', 2, 'uuid', 'uuid', 'YES', None)
('competitor', 'promotions', 'retailer_id', 3, 'uuid', 'uuid', 'YES', None)
('competitor', 'promotions', 'company_id', 4, 'uuid', 'uuid', 'YES', None)
('competitor', 'promotions', 'promotion_type', 5, 'character varying', 'varchar', 'YES', None)
('competitor', 'promotions', 'regular_price', 6, 'numeric', 'numeric', 'YES', None)
('competitor', 'promotions', 'promo_price', 7, 'numeric', 'numeric', 'YES', None)
('competitor', 'promotions', 'discount_pct', 8, 'numeric', 'numeric', 'YES', None)
('competitor', 'promotions', 'buy_x_get_y', 9, 'character varying', 'varchar', 'YES', None)
('competitor', 'promotions', 'valid_from', 10, 'timestamp without time zone', 'timestamp', 'YES', None)
('competitor', 'promotions', 'valid_to', 11, 'timestamp without time zone', 'timestamp', 'YES', None)
('competitor', 'promotions', 'promo_status', 12, 'character varying', 'varchar', 'YES', None)
('competitor', 'promotions', 'source_url', 13, 'text', 'text', 'YES', None)
('competitor', 'promotions', 'source_type', 14, 'character varying', 'varchar', 'YES', None)
('competitor', 'promotions', 'evidence_text', 15, 'text', 'text', 'YES', None)
('competitor', 'promotions', 'confidence_score', 16, 'numeric', 'numeric', 'YES', None)
('competitor', 'promotions', 'created_at', 17, 'timestamp without time zone', 'timestamp', 'NO', None)
('competitor', 'promotions', 'source_timestamp', 18, 'timestamp without time zone', 'timestamp', 'YES', None)
('competitor', 'promotions', 'geographic_scope', 19, 'character varying', 'varchar', 'YES', None)
('competitor', 'retailers', 'id', 1, 'uuid', 'uuid', 'NO', None)
('competitor', 'retailers', 'retailer_name', 2, 'character varying', 'varchar', 'NO', None)
('competitor', 'retailers', 'channel_type', 3, 'character varying', 'varchar', 'YES', None)
('competitor', 'retailers', 'website', 4, 'character varying', 'varchar', 'YES', None)
('competitor', 'retailers', 'location_id', 5, 'uuid', 'uuid', 'YES', None)
('competitor_intel', 'alembic_version', 'version_num', 1, 'character varying', 'varchar', 'NO', None)
('competitor_intel', 'brands', 'id', 1, 'uuid', 'uuid', 'NO', None)
('competitor_intel', 'brands', 'competitor_id', 2, 'uuid', 'uuid', 'NO', None)
('competitor_intel', 'brands', 'name', 3, 'character varying', 'varchar', 'NO', None)
('competitor_intel', 'brands', 'normalized_name', 4, 'character varying', 'varchar', 'NO', None)
('competitor_intel', 'brands', 'manufacturer', 5, 'character varying', 'varchar', 'YES', None)
('competitor_intel', 'brands', 'created_at', 6, 'timestamp with time zone', 'timestamptz', 'NO', None)
('competitor_intel', 'brands', 'updated_at', 7, 'timestamp with time zone', 'timestamptz', 'NO', None)
('competitor_intel', 'competitors', 'id', 1, 'uuid', 'uuid', 'NO', None)
('competitor_intel', 'competitors', 'name', 2, 'character varying', 'varchar', 'NO', None)
('competitor_intel', 'competitors', 'normalized_name', 3, 'character varying', 'varchar', 'NO', None)
('competitor_intel', 'competitors', 'parent_company', 4, 'character varying', 'varchar', 'YES', None)
('competitor_intel', 'competitors', 'country', 5, 'character varying', 'varchar', 'NO', None)
('competitor_intel', 'competitors', 'website', 6, 'text', 'text', 'YES', None)
('competitor_intel', 'competitors', 'importance_score', 7, 'double precision', 'float8', 'NO', None)
('competitor_intel', 'competitors', 'is_active', 8, 'boolean', 'bool', 'NO', None)
('competitor_intel', 'competitors', 'created_at', 9, 'timestamp with time zone', 'timestamptz', 'NO', None)
('competitor_intel', 'competitors', 'updated_at', 10, 'timestamp with time zone', 'timestamptz', 'NO', None)
('competitor_intel', 'crawl_documents', 'id', 1, 'uuid', 'uuid', 'NO', None)
('competitor_intel', 'crawl_documents', 'crawl_job_id', 2, 'uuid', 'uuid', 'YES', None)
('competitor_intel', 'crawl_documents', 'source_id', 3, 'uuid', 'uuid', 'NO', None)
('competitor_intel', 'crawl_documents', 'url', 4, 'text', 'text', 'NO', None)
('competitor_intel', 'crawl_documents', 'canonical_url', 5, 'text', 'text', 'YES', None)
('competitor_intel', 'crawl_documents', 'document_type', 6, 'character varying', 'varchar', 'NO', None)
('competitor_intel', 'crawl_documents', 'title', 7, 'text', 'text', 'YES', None)
('competitor_intel', 'crawl_documents', 'raw_content_uri', 8, 'text', 'text', 'YES', None)
('competitor_intel', 'crawl_documents', 'text_content', 9, 'text', 'text', 'YES', None)
('competitor_intel', 'crawl_documents', 'content_hash', 10, 'character varying', 'varchar', 'YES', None)
('competitor_intel', 'crawl_documents', 'published_at', 11, 'timestamp with time zone', 'timestamptz', 'YES', None)
('competitor_intel', 'crawl_documents', 'retrieved_at', 12, 'timestamp with time zone', 'timestamptz', 'NO', None)
('competitor_intel', 'crawl_documents', 'language', 13, 'character varying', 'varchar', 'NO', None)
('competitor_intel', 'crawl_documents', 'http_status', 14, 'integer', 'int4', 'YES', None)
('competitor_intel', 'crawl_documents', 'metadata_json', 15, 'jsonb', 'jsonb', 'YES', None)
('competitor_intel', 'crawl_documents', 'created_at', 16, 'timestamp with time zone', 'timestamptz', 'NO', None)
('competitor_intel', 'crawl_jobs', 'id', 1, 'uuid', 'uuid', 'NO', None)
('competitor_intel', 'crawl_jobs', 'source_id', 2, 'uuid', 'uuid', 'NO', None)
('competitor_intel', 'crawl_jobs', 'url', 3, 'text', 'text', 'NO', None)
('competitor_intel', 'crawl_jobs', 'job_type', 4, 'character varying', 'varchar', 'NO', None)
('competitor_intel', 'crawl_jobs', 'status', 5, 'character varying', 'varchar', 'NO', None)
('competitor_intel', 'crawl_jobs', 'started_at', 6, 'timestamp with time zone', 'timestamptz', 'YES', None)
('competitor_intel', 'crawl_jobs', 'completed_at', 7, 'timestamp with time zone', 'timestamptz', 'YES', None)
('competitor_intel', 'crawl_jobs', 'http_status', 8, 'integer', 'int4', 'YES', None)
('competitor_intel', 'crawl_jobs', 'error_message', 9, 'text', 'text', 'YES', None)
('competitor_intel', 'crawl_jobs', 'retry_count', 10, 'integer', 'int4', 'NO', None)
('competitor_intel', 'crawl_jobs', 'content_hash', 11, 'character varying', 'varchar', 'YES', None)
('competitor_intel', 'crawl_jobs', 'created_at', 12, 'timestamp with time zone', 'timestamptz', 'NO', None)
('competitor_intel', 'entity_mapping', 'id', 1, 'uuid', 'uuid', 'NO', None)
('competitor_intel', 'entity_mapping', 'entity_type', 2, 'character varying', 'varchar', 'NO', None)
('competitor_intel', 'entity_mapping', 'source_value', 3, 'character varying', 'varchar', 'NO', None)
('competitor_intel', 'entity_mapping', 'canonical_entity_id', 4, 'uuid', 'uuid', 'NO', None)
('competitor_intel', 'entity_mapping', 'match_method', 5, 'character varying', 'varchar', 'NO', None)
('competitor_intel', 'entity_mapping', 'confidence', 6, 'double precision', 'float8', 'NO', None)
('competitor_intel', 'entity_mapping', 'created_at', 7, 'timestamp with time zone', 'timestamptz', 'NO', None)
('competitor_intel', 'entity_mapping', 'updated_at', 8, 'timestamp with time zone', 'timestamptz', 'NO', None)
('competitor_intel', 'products', 'id', 1, 'uuid', 'uuid', 'NO', None)
('competitor_intel', 'products', 'brand_id', 2, 'uuid', 'uuid', 'NO', None)
('competitor_intel', 'products', 'name', 3, 'character varying', 'varchar', 'NO', None)
('competitor_intel', 'products', 'normalized_name', 4, 'character varying', 'varchar', 'NO', None)
('competitor_intel', 'products', 'category', 5, 'character varying', 'varchar', 'NO', None)
('competitor_intel', 'products', 'subcategory', 6, 'character varying', 'varchar', 'YES', None)
('competitor_intel', 'products', 'variant', 7, 'character varying', 'varchar', 'YES', None)
('competitor_intel', 'products', 'pack_size_value', 8, 'double precision', 'float8', 'YES', None)
('competitor_intel', 'products', 'pack_size_unit', 9, 'character varying', 'varchar', 'YES', None)
('competitor_intel', 'products', 'sku', 10, 'character varying', 'varchar', 'YES', None)
('competitor_intel', 'products', 'barcode', 11, 'character varying', 'varchar', 'YES', None)
('competitor_intel', 'products', 'created_at', 12, 'timestamp with time zone', 'timestamptz', 'NO', None)
('competitor_intel', 'products', 'updated_at', 13, 'timestamp with time zone', 'timestamptz', 'NO', None)
('competitor_intel', 'promotion_evidence', 'id', 1, 'uuid', 'uuid', 'NO', None)
('competitor_intel', 'promotion_evidence', 'promotion_id', 2, 'uuid', 'uuid', 'NO', None)
('competitor_intel', 'promotion_evidence', 'document_id', 3, 'uuid', 'uuid', 'YES', None)
('competitor_intel', 'promotion_evidence', 'evidence_type', 4, 'character varying', 'varchar', 'NO', None)
('competitor_intel', 'promotion_evidence', 'evidence_text', 5, 'text', 'text', 'NO', None)
('competitor_intel', 'promotion_evidence', 'source_url', 6, 'text', 'text', 'YES', None)
('competitor_intel', 'promotion_evidence', 'captured_at', 7, 'timestamp with time zone', 'timestamptz', 'NO', None)
('competitor_intel', 'promotion_evidence', 'created_at', 8, 'timestamp with time zone', 'timestamptz', 'NO', None)
('competitor_intel', 'promotion_observations', 'id', 1, 'uuid', 'uuid', 'NO', None)
('competitor_intel', 'promotion_observations', 'document_id', 2, 'uuid', 'uuid', 'NO', None)
('competitor_intel', 'promotion_observations', 'raw_text', 3, 'text', 'text', 'YES', None)
('competitor_intel', 'promotion_observations', 'extracted_json', 4, 'jsonb', 'jsonb', 'YES', None)
('competitor_intel', 'promotion_observations', 'ai_confidence', 5, 'double precision', 'float8', 'YES', None)
('competitor_intel', 'promotion_observations', 'observed_at', 6, 'timestamp with time zone', 'timestamptz', 'NO', None)
('competitor_intel', 'promotion_observations', 'created_at', 7, 'timestamp with time zone', 'timestamptz', 'NO', None)
('competitor_intel', 'promotions', 'id', 1, 'uuid', 'uuid', 'NO', None)
('competitor_intel', 'promotions', 'competitor_id', 2, 'uuid', 'uuid', 'YES', None)
('competitor_intel', 'promotions', 'brand_id', 3, 'uuid', 'uuid', 'YES', None)
('competitor_intel', 'promotions', 'product_id', 4, 'uuid', 'uuid', 'YES', None)
('competitor_intel', 'promotions', 'retailer_id', 5, 'uuid', 'uuid', 'YES', None)
('competitor_intel', 'promotions', 'product_name', 6, 'character varying', 'varchar', 'NO', None)
('competitor_intel', 'promotions', 'sku', 7, 'character varying', 'varchar', 'YES', None)
('competitor_intel', 'promotions', 'pack_size', 8, 'character varying', 'varchar', 'YES', None)
('competitor_intel', 'promotions', 'category', 9, 'character varying', 'varchar', 'NO', None)
('competitor_intel', 'promotions', 'regular_price', 10, 'double precision', 'float8', 'YES', None)
('competitor_intel', 'promotions', 'promo_price', 11, 'double precision', 'float8', 'YES', None)
('competitor_intel', 'promotions', 'currency', 12, 'character varying', 'varchar', 'NO', None)
('competitor_intel', 'promotions', 'discount_percentage', 13, 'double precision', 'float8', 'YES', None)
('competitor_intel', 'promotions', 'promotion_type', 14, 'character varying', 'varchar', 'NO', None)
('competitor_intel', 'promotions', 'buy_quantity', 15, 'integer', 'int4', 'YES', None)
('competitor_intel', 'promotions', 'free_quantity', 16, 'integer', 'int4', 'YES', None)
('competitor_intel', 'promotions', 'bundle_quantity', 17, 'integer', 'int4', 'YES', None)
('competitor_intel', 'promotions', 'cashback_amount', 18, 'double precision', 'float8', 'YES', None)
('competitor_intel', 'promotions', 'voucher_amount', 19, 'double precision', 'float8', 'YES', None)
('competitor_intel', 'promotions', 'minimum_purchase_amount', 20, 'double precision', 'float8', 'YES', None)
('competitor_intel', 'promotions', 'minimum_purchase_quantity', 21, 'integer', 'int4', 'YES', None)
('competitor_intel', 'promotions', 'gift_description', 22, 'text', 'text', 'YES', None)
('competitor_intel', 'promotions', 'promotion_title', 23, 'character varying', 'varchar', 'YES', None)
('competitor_intel', 'promotions', 'promotion_description', 24, 'text', 'text', 'YES', None)
('competitor_intel', 'promotions', 'start_date', 25, 'timestamp with time zone', 'timestamptz', 'YES', None)
('competitor_intel', 'promotions', 'end_date', 26, 'timestamp with time zone', 'timestamptz', 'YES', None)
('competitor_intel', 'promotions', 'channel', 27, 'character varying', 'varchar', 'YES', None)
('competitor_intel', 'promotions', 'geography', 28, 'character varying', 'varchar', 'NO', None)
('competitor_intel', 'promotions', 'status', 29, 'character varying', 'varchar', 'NO', None)
('competitor_intel', 'promotions', 'source_reliability', 30, 'double precision', 'float8', 'NO', None)
('competitor_intel', 'promotions', 'ai_confidence', 31, 'double precision', 'float8', 'NO', None)
('competitor_intel', 'promotions', 'rank_score', 32, 'double precision', 'float8', 'NO', None)
('competitor_intel', 'promotions', 'first_seen_at', 33, 'timestamp with time zone', 'timestamptz', 'NO', None)
('competitor_intel', 'promotions', 'last_seen_at', 34, 'timestamp with time zone', 'timestamptz', 'NO', None)
('competitor_intel', 'promotions', 'created_at', 35, 'timestamp with time zone', 'timestamptz', 'NO', None)
('competitor_intel', 'promotions', 'updated_at', 36, 'timestamp with time zone', 'timestamptz', 'NO', None)
('competitor_intel', 'retailers', 'id', 1, 'uuid', 'uuid', 'NO', None)
('competitor_intel', 'retailers', 'name', 2, 'character varying', 'varchar', 'NO', None)
('competitor_intel', 'retailers', 'normalized_name', 3, 'character varying', 'varchar', 'NO', None)
('competitor_intel', 'retailers', 'channel_type', 4, 'character varying', 'varchar', 'NO', None)
('competitor_intel', 'retailers', 'website', 5, 'text', 'text', 'YES', None)
('competitor_intel', 'retailers', 'country', 6, 'character varying', 'varchar', 'NO', None)
('competitor_intel', 'retailers', 'created_at', 7, 'timestamp with time zone', 'timestamptz', 'NO', None)
('competitor_intel', 'retailers', 'updated_at', 8, 'timestamp with time zone', 'timestamptz', 'NO', None)
('competitor_intel', 'review_queue', 'id', 1, 'uuid', 'uuid', 'NO', None)
('competitor_intel', 'review_queue', 'entity_type', 2, 'character varying', 'varchar', 'NO', None)
('competitor_intel', 'review_queue', 'entity_id', 3, 'uuid', 'uuid', 'YES', None)
('competitor_intel', 'review_queue', 'reason', 4, 'text', 'text', 'NO', None)
('competitor_intel', 'review_queue', 'priority', 5, 'integer', 'int4', 'NO', None)
('competitor_intel', 'review_queue', 'status', 6, 'character varying', 'varchar', 'NO', None)
('competitor_intel', 'review_queue', 'assigned_to', 7, 'character varying', 'varchar', 'YES', None)
('competitor_intel', 'review_queue', 'review_notes', 8, 'text', 'text', 'YES', None)
('competitor_intel', 'review_queue', 'created_at', 9, 'timestamp with time zone', 'timestamptz', 'NO', None)
('competitor_intel', 'review_queue', 'reviewed_at', 10, 'timestamp with time zone', 'timestamptz', 'YES', None)
('competitor_intel', 'source_registry', 'id', 1, 'uuid', 'uuid', 'NO', None)
('competitor_intel', 'source_registry', 'name', 2, 'character varying', 'varchar', 'NO', None)
('competitor_intel', 'source_registry', 'domain', 3, 'character varying', 'varchar', 'NO', None)
('competitor_intel', 'source_registry', 'base_url', 4, 'text', 'text', 'NO', None)
('competitor_intel', 'source_registry', 'source_type', 5, 'character varying', 'varchar', 'NO', None)
('competitor_intel', 'source_registry', 'tier', 6, 'character varying', 'varchar', 'NO', None)
('competitor_intel', 'source_registry', 'reliability_score', 7, 'double precision', 'float8', 'NO', None)
('competitor_intel', 'source_registry', 'country', 8, 'character varying', 'varchar', 'NO', None)
('competitor_intel', 'source_registry', 'language', 9, 'character varying', 'varchar', 'NO', None)
('competitor_intel', 'source_registry', 'category', 10, 'character varying', 'varchar', 'YES', None)
('competitor_intel', 'source_registry', 'crawl_frequency_minutes', 11, 'integer', 'int4', 'NO', None)
('competitor_intel', 'source_registry', 'priority', 12, 'integer', 'int4', 'NO', None)
('competitor_intel', 'source_registry', 'is_active', 13, 'boolean', 'bool', 'NO', None)
('competitor_intel', 'source_registry', 'robots_allowed', 14, 'boolean', 'bool', 'NO', None)
('competitor_intel', 'source_registry', 'last_crawled_at', 15, 'timestamp with time zone', 'timestamptz', 'YES', None)
('competitor_intel', 'source_registry', 'last_success_at', 16, 'timestamp with time zone', 'timestamptz', 'YES', None)
('competitor_intel', 'source_registry', 'last_error_at', 17, 'timestamp with time zone', 'timestamptz', 'YES', None)
('competitor_intel', 'source_registry', 'created_at', 18, 'timestamp with time zone', 'timestamptz', 'NO', None)
('competitor_intel', 'source_registry', 'updated_at', 19, 'timestamp with time zone', 'timestamptz', 'NO', None)
('dwh_prod', 'ai_gm_insight', 'id', 1, 'bigint', 'int8', 'NO', "nextval('dwh_prod.ai_gm_insight_id_seq'::regclass)")
('dwh_prod', 'ai_gm_insight', 'created_at', 2, 'timestamp without time zone', 'timestamp', 'YES', 'CURRENT_TIMESTAMP')
('dwh_prod', 'ai_gm_insight', 'periode', 3, 'date', 'date', 'NO', None)
('dwh_prod', 'ai_gm_insight', 'gm_code', 4, 'character varying', 'varchar', 'NO', None)
('dwh_prod', 'ai_gm_insight', 'ai_insight_category', 5, 'character varying', 'varchar', 'NO', None)
('dwh_prod', 'ai_gm_insight', 'ai_diagnosis', 6, 'text', 'text', 'NO', None)
('dwh_prod', 'ai_gm_insight', 'triggered_action_plan', 7, 'text', 'text', 'NO', None)
('dwh_prod', 'ai_gm_insight', 'priority', 8, 'character varying', 'varchar', 'NO', None)
('dwh_prod', 'ai_gm_insight', 'model_name', 9, 'character varying', 'varchar', 'YES', None)
('dwh_prod', 'ai_gm_insight', 'prompt_version', 10, 'character varying', 'varchar', 'YES', None)
('dwh_prod', 'ai_gm_insight', 'generated_at', 11, 'timestamp without time zone', 'timestamp', 'YES', 'CURRENT_TIMESTAMP')
('dwh_prod', 'ai_gm_insight', 'updated_at', 12, 'timestamp without time zone', 'timestamp', 'YES', 'CURRENT_TIMESTAMP')
('dwh_prod', 'ai_gm_insight', 'insight_status', 13, 'character varying', 'varchar', 'YES', "'GENERATED'::character varying")
('dwh_prod', 'ai_gm_insight', 'is_active', 14, 'integer', 'int4', 'NO', '1')
('dwh_prod', 'ai_gm_insight', 'v2_target_sellin', 15, 'numeric', 'numeric', 'YES', None)
('dwh_prod', 'ai_gm_insight', 'v2_mtd_actual', 16, 'numeric', 'numeric', 'YES', None)
('dwh_prod', 'ai_gm_insight', 'v2_forecast_p10', 17, 'numeric', 'numeric', 'YES', None)
('dwh_prod', 'ai_gm_insight', 'v2_forecast_p50', 18, 'numeric', 'numeric', 'YES', None)
('dwh_prod', 'ai_gm_insight', 'v2_forecast_p90', 19, 'numeric', 'numeric', 'YES', None)
('dwh_prod', 'ai_gm_insight', 'v2_achievement_pct_forecast', 20, 'numeric', 'numeric', 'YES', None)
('dwh_prod', 'ai_gm_insight', 'v2_forecast_gap_to_target', 21, 'numeric', 'numeric', 'YES', None)
('dwh_prod', 'ai_gm_insight', 'v2_forecast_uncertainty_pct', 22, 'numeric', 'numeric', 'YES', None)
('dwh_prod', 'ai_gm_insight', 'v2_performance_scenario', 23, 'character varying', 'varchar', 'YES', None)
('dwh_prod', 'ai_gm_insight', 'v2_forecast_scenario', 24, 'character varying', 'varchar', 'YES', None)
('dwh_prod', 'ai_gm_insight', 'v2_model_spread', 25, 'numeric', 'numeric', 'YES', None)
('dwh_prod', 'ai_gm_insight', 'v2_model_spread_pct_p50', 26, 'numeric', 'numeric', 'YES', None)
('dwh_prod', 'ai_gm_insight', 'v2_forecast_shortfall', 27, 'numeric', 'numeric', 'YES', None)
('dwh_prod', 'ai_gm_insight', 'v2_shortfall_contribution_pct', 28, 'numeric', 'numeric', 'YES', None)
('dwh_prod', 'ai_gm_insight', 'v2_largest_shortfall_regioncode', 29, 'character varying', 'varchar', 'YES', None)
('dwh_prod', 'ai_gm_insight', 'v2_largest_shortfall_regionname', 30, 'character varying', 'varchar', 'YES', None)
('dwh_prod', 'ai_gm_insight', 'v2_largest_region_shortfall', 31, 'numeric', 'numeric', 'YES', None)
('dwh_prod', 'ai_gm_insight', 'v2_largest_region_shortfall_pct', 32, 'numeric', 'numeric', 'YES', None)
('dwh_prod', 'ai_gm_insight', 'v2_ai_insight_category', 33, 'character varying', 'varchar', 'YES', None)
('dwh_prod', 'ai_gm_insight', 'v2_mtd_achievement_pct', 34, 'numeric', 'numeric', 'YES', None)
('dwh_prod', 'ai_gm_insight', 'v2_focus_required', 35, 'boolean', 'bool', 'YES', None)
('dwh_prod', 'ai_gm_insightina', 'id', 1, 'bigint', 'int8', 'NO', "nextval('dwh_prod.ai_gm_insightina_id_seq'::regclass)")
('dwh_prod', 'ai_gm_insightina', 'created_at', 2, 'timestamp without time zone', 'timestamp', 'YES', 'CURRENT_TIMESTAMP')
('dwh_prod', 'ai_gm_insightina', 'periode', 3, 'date', 'date', 'NO', None)
('dwh_prod', 'ai_gm_insightina', 'gm_code', 4, 'character varying', 'varchar', 'NO', None)
('dwh_prod', 'ai_gm_insightina', 'ai_insight_category', 5, 'character varying', 'varchar', 'NO', None)
('dwh_prod', 'ai_gm_insightina', 'ai_diagnosis', 6, 'text', 'text', 'NO', None)
('dwh_prod', 'ai_gm_insightina', 'triggered_action_plan', 7, 'text', 'text', 'NO', None)
('dwh_prod', 'ai_gm_insightina', 'priority', 8, 'character varying', 'varchar', 'NO', None)
('dwh_prod', 'ai_gm_insightina', 'model_name', 9, 'character varying', 'varchar', 'YES', None)
('dwh_prod', 'ai_gm_insightina', 'prompt_version', 10, 'character varying', 'varchar', 'YES', None)
('dwh_prod', 'ai_gm_insightina', 'generated_at', 11, 'timestamp without time zone', 'timestamp', 'YES', 'CURRENT_TIMESTAMP')
('dwh_prod', 'ai_gm_insightina', 'updated_at', 12, 'timestamp without time zone', 'timestamp', 'YES', 'CURRENT_TIMESTAMP')
('dwh_prod', 'ai_gm_insightina', 'insight_status', 13, 'character varying', 'varchar', 'YES', "'GENERATED'::character varying")
('dwh_prod', 'ai_gm_insightina', 'is_active', 14, 'integer', 'int4', 'NO', '1')
('dwh_prod', 'ai_insight', 'id', 1, 'integer', 'int4', 'NO', "nextval('dwh_prod.ai_insight_id_seq'::regclass)")
('dwh_prod', 'ai_insight', 'created_at', 2, 'timestamp without time zone', 'timestamp', 'YES', 'now()')
('dwh_prod', 'ai_insight', 'period', 3, 'character varying', 'varchar', 'YES', None)
('dwh_prod', 'ai_insight', 'insight_type', 4, 'character varying', 'varchar', 'YES', None)
('dwh_prod', 'ai_insight', 'description', 5, 'text', 'text', 'YES', None)
('dwh_prod', 'ai_insight', 'ai_summary', 6, 'text', 'text', 'YES', None)
('dwh_prod', 'ai_insight', 'is_active', 7, 'integer', 'int4', 'NO', '0')
('dwh_prod', 'ai_insight', 'v2_snapshot', 8, 'jsonb', 'jsonb', 'YES', None)
('dwh_prod', 'ai_insight', 'model_name', 9, 'character varying', 'varchar', 'YES', None)
('dwh_prod', 'ai_insight', 'prompt_version', 10, 'character varying', 'varchar', 'YES', None)
('dwh_prod', 'ai_insightina', 'id', 1, 'integer', 'int4', 'NO', "nextval('dwh_prod.ai_insightina_id_seq'::regclass)")
('dwh_prod', 'ai_insightina', 'created_at', 2, 'timestamp without time zone', 'timestamp', 'YES', 'now()')
('dwh_prod', 'ai_insightina', 'period', 3, 'character varying', 'varchar', 'YES', None)
('dwh_prod', 'ai_insightina', 'insight_type', 4, 'character varying', 'varchar', 'YES', None)
('dwh_prod', 'ai_insightina', 'description', 5, 'text', 'text', 'YES', None)
('dwh_prod', 'ai_insightina', 'ai_summary', 6, 'text', 'text', 'YES', None)
('dwh_prod', 'ai_insightina', 'is_active', 7, 'integer', 'int4', 'NO', '0')
('dwh_prod', 'ai_region_insight', 'insight_id', 1, 'bigint', 'int8', 'NO', "nextval('dwh_prod.ai_region_insight_insight_id_seq'::regclass)")
('dwh_prod', 'ai_region_insight', 'periode', 2, 'date', 'date', 'NO', None)
('dwh_prod', 'ai_region_insight', 'regioncode', 3, 'character varying', 'varchar', 'NO', None)
('dwh_prod', 'ai_region_insight', 'regionname', 4, 'character varying', 'varchar', 'YES', None)
('dwh_prod', 'ai_region_insight', 'ai_scenario_code', 5, 'character varying', 'varchar', 'YES', None)
('dwh_prod', 'ai_region_insight', 'performance_scenario', 6, 'character varying', 'varchar', 'YES', None)
('dwh_prod', 'ai_region_insight', 'momentum_scenario', 7, 'character varying', 'varchar', 'YES', None)
('dwh_prod', 'ai_region_insight', 'projected_achievement_status', 8, 'character varying', 'varchar', 'YES', None)
('dwh_prod', 'ai_region_insight', 'priority', 9, 'character varying', 'varchar', 'YES', None)
('dwh_prod', 'ai_region_insight', 'current_achievement_pct', 10, 'numeric', 'numeric', 'YES', None)
('dwh_prod', 'ai_region_insight', 'projected_month_end_achievement_pct', 11, 'numeric', 'numeric', 'YES', None)
('dwh_prod', 'ai_region_insight', 'target_sellin', 12, 'numeric', 'numeric', 'YES', None)
('dwh_prod', 'ai_region_insight', 'total_sellin', 13, 'numeric', 'numeric', 'YES', None)
('dwh_prod', 'ai_region_insight', 'projected_month_end_sellin', 14, 'numeric', 'numeric', 'YES', None)
('dwh_prod', 'ai_region_insight', 'projected_gap_to_target', 15, 'numeric', 'numeric', 'YES', None)
('dwh_prod', 'ai_region_insight', 'required_daily_sellin_to_target', 16, 'numeric', 'numeric', 'YES', None)
('dwh_prod', 'ai_region_insight', 'momentum_factor', 17, 'numeric', 'numeric', 'YES', None)
('dwh_prod', 'ai_region_insight', 'adjusted_momentum_factor', 18, 'numeric', 'numeric', 'YES', None)
('dwh_prod', 'ai_region_insight', 'mtd_daily_run_rate', 19, 'numeric', 'numeric', 'YES', None)
('dwh_prod', 'ai_region_insight', 'avg_7_working_days', 20, 'numeric', 'numeric', 'YES', None)
('dwh_prod', 'ai_region_insight', 'remaining_working_days', 21, 'integer', 'int4', 'YES', None)
('dwh_prod', 'ai_region_insight', 'ai_diagnosis', 22, 'text', 'text', 'YES', None)
('dwh_prod', 'ai_region_insight', 'triggered_action_plan', 23, 'text', 'text', 'YES', None)
('dwh_prod', 'ai_region_insight', 'model_name', 24, 'character varying', 'varchar', 'YES', None)
('dwh_prod', 'ai_region_insight', 'prompt_version', 25, 'character varying', 'varchar', 'YES', None)
('dwh_prod', 'ai_region_insight', 'generated_at', 26, 'timestamp without time zone', 'timestamp', 'YES', 'CURRENT_TIMESTAMP')
('dwh_prod', 'ai_region_insight', 'updated_at', 27, 'timestamp without time zone', 'timestamp', 'YES', 'CURRENT_TIMESTAMP')
('dwh_prod', 'ai_region_insight', 'insight_status', 28, 'character varying', 'varchar', 'YES', "'PENDING'::character varying")
('dwh_prod', 'ai_region_insight', 'is_active', 29, 'integer', 'int4', 'NO', '0')
('dwh_prod', 'ai_region_insight', 'v2_target_sellin', 30, 'numeric', 'numeric', 'YES', None)
('dwh_prod', 'ai_region_insight', 'v2_mtd_actual', 31, 'numeric', 'numeric', 'YES', None)
('dwh_prod', 'ai_region_insight', 'v2_forecast_p10', 32, 'numeric', 'numeric', 'YES', None)
('dwh_prod', 'ai_region_insight', 'v2_forecast_p50', 33, 'numeric', 'numeric', 'YES', None)
('dwh_prod', 'ai_region_insight', 'v2_forecast_p90', 34, 'numeric', 'numeric', 'YES', None)
('dwh_prod', 'ai_region_insight', 'v2_achievement_pct_forecast', 35, 'numeric', 'numeric', 'YES', None)
('dwh_prod', 'ai_region_insight', 'v2_forecast_gap_to_target', 36, 'numeric', 'numeric', 'YES', None)
('dwh_prod', 'ai_region_insight', 'v2_forecast_uncertainty_pct', 37, 'numeric', 'numeric', 'YES', None)
('dwh_prod', 'ai_region_insight', 'v2_performance_scenario', 38, 'character varying', 'varchar', 'YES', None)
('dwh_prod', 'ai_region_insight', 'v2_performance_scenario_name', 39, 'character varying', 'varchar', 'YES', None)
('dwh_prod', 'ai_region_insight', 'v2_forecast_scenario', 40, 'character varying', 'varchar', 'YES', None)
('dwh_prod', 'ai_region_insight', 'v2_model_spread', 41, 'numeric', 'numeric', 'YES', None)
('dwh_prod', 'ai_region_insight', 'v2_model_spread_pct_p50', 42, 'numeric', 'numeric', 'YES', None)
('dwh_prod', 'ai_region_insight', 'v2_forecast_shortfall', 43, 'numeric', 'numeric', 'YES', None)
('dwh_prod', 'ai_region_insight', 'v2_shortfall_contribution_pct', 44, 'numeric', 'numeric', 'YES', None)
('dwh_prod', 'ai_region_insight', 'v2_ai_insight_category', 45, 'character varying', 'varchar', 'YES', None)
('dwh_prod', 'ai_region_insight', 'v2_mtd_achievement_pct', 46, 'numeric', 'numeric', 'YES', None)
('dwh_prod', 'ai_region_insight', 'v2_focus_required', 47, 'boolean', 'bool', 'YES', None)
('dwh_prod', 'ai_region_insightina', 'insight_id', 1, 'bigint', 'int8', 'NO', "nextval('dwh_prod.ai_region_insightina_insight_id_seq'::regclass)")
('dwh_prod', 'ai_region_insightina', 'periode', 2, 'date', 'date', 'NO', None)
('dwh_prod', 'ai_region_insightina', 'regioncode', 3, 'character varying', 'varchar', 'NO', None)
('dwh_prod', 'ai_region_insightina', 'regionname', 4, 'character varying', 'varchar', 'YES', None)
('dwh_prod', 'ai_region_insightina', 'ai_scenario_code', 5, 'character varying', 'varchar', 'YES', None)
('dwh_prod', 'ai_region_insightina', 'performance_scenario', 6, 'character varying', 'varchar', 'YES', None)
('dwh_prod', 'ai_region_insightina', 'momentum_scenario', 7, 'character varying', 'varchar', 'YES', None)
('dwh_prod', 'ai_region_insightina', 'projected_achievement_status', 8, 'character varying', 'varchar', 'YES', None)
('dwh_prod', 'ai_region_insightina', 'priority', 9, 'character varying', 'varchar', 'YES', None)
('dwh_prod', 'ai_region_insightina', 'current_achievement_pct', 10, 'numeric', 'numeric', 'YES', None)
('dwh_prod', 'ai_region_insightina', 'projected_month_end_achievement_pct', 11, 'numeric', 'numeric', 'YES', None)
('dwh_prod', 'ai_region_insightina', 'target_sellin', 12, 'numeric', 'numeric', 'YES', None)
('dwh_prod', 'ai_region_insightina', 'total_sellin', 13, 'numeric', 'numeric', 'YES', None)
('dwh_prod', 'ai_region_insightina', 'projected_month_end_sellin', 14, 'numeric', 'numeric', 'YES', None)
('dwh_prod', 'ai_region_insightina', 'projected_gap_to_target', 15, 'numeric', 'numeric', 'YES', None)
('dwh_prod', 'ai_region_insightina', 'required_daily_sellin_to_target', 16, 'numeric', 'numeric', 'YES', None)
('dwh_prod', 'ai_region_insightina', 'momentum_factor', 17, 'numeric', 'numeric', 'YES', None)
('dwh_prod', 'ai_region_insightina', 'adjusted_momentum_factor', 18, 'numeric', 'numeric', 'YES', None)
('dwh_prod', 'ai_region_insightina', 'mtd_daily_run_rate', 19, 'numeric', 'numeric', 'YES', None)
('dwh_prod', 'ai_region_insightina', 'avg_7_working_days', 20, 'numeric', 'numeric', 'YES', None)
('dwh_prod', 'ai_region_insightina', 'remaining_working_days', 21, 'integer', 'int4', 'YES', None)
('dwh_prod', 'ai_region_insightina', 'ai_diagnosis', 22, 'text', 'text', 'YES', None)
('dwh_prod', 'ai_region_insightina', 'triggered_action_plan', 23, 'text', 'text', 'YES', None)
('dwh_prod', 'ai_region_insightina', 'model_name', 24, 'character varying', 'varchar', 'YES', None)
('dwh_prod', 'ai_region_insightina', 'prompt_version', 25, 'character varying', 'varchar', 'YES', None)
('dwh_prod', 'ai_region_insightina', 'generated_at', 26, 'timestamp without time zone', 'timestamp', 'YES', 'CURRENT_TIMESTAMP')
('dwh_prod', 'ai_region_insightina', 'updated_at', 27, 'timestamp without time zone', 'timestamp', 'YES', 'CURRENT_TIMESTAMP')
('dwh_prod', 'ai_region_insightina', 'insight_status', 28, 'character varying', 'varchar', 'YES', "'PENDING'::character varying")
('dwh_prod', 'ai_region_insightina', 'is_active', 29, 'integer', 'int4', 'NO', '0')
('dwh_prod', 'dimbranch', 'branchsk', 1, 'bigint', 'int8', 'NO', "nextval('dwh_prod.dimbranch_branchsk_seq'::regclass)")
('dwh_prod', 'dimbranch', 'branchcode', 2, 'character varying', 'varchar', 'NO', None)
('dwh_prod', 'dimbranch', 'branchname', 3, 'character varying', 'varchar', 'NO', None)
('dwh_prod', 'dimbranch', 'regionsk', 4, 'bigint', 'int8', 'NO', None)
('dwh_prod', 'dimbranch', 'startdate', 5, 'timestamp without time zone', 'timestamp', 'NO', None)
('dwh_prod', 'dimbranch', 'enddate', 6, 'timestamp without time zone', 'timestamp', 'YES', None)
('dwh_prod', 'dimbranch', 'iscurrent', 7, 'boolean', 'bool', 'NO', 'true')
('dwh_prod', 'dimbranch', 'createddate', 8, 'timestamp without time zone', 'timestamp', 'NO', 'CURRENT_TIMESTAMP')
('dwh_prod', 'dimbranch', 'modifieddate', 9, 'timestamp without time zone', 'timestamp', 'NO', 'CURRENT_TIMESTAMP')
('dwh_prod', 'dimbranchina', 'branchsk', 1, 'bigint', 'int8', 'NO', "nextval('dwh_prod.dimbranchina_branchsk_seq'::regclass)")
('dwh_prod', 'dimbranchina', 'branchcode', 2, 'character varying', 'varchar', 'NO', None)
('dwh_prod', 'dimbranchina', 'branchname', 3, 'character varying', 'varchar', 'NO', None)
('dwh_prod', 'dimbranchina', 'regionsk', 4, 'bigint', 'int8', 'NO', None)
('dwh_prod', 'dimbranchina', 'startdate', 5, 'timestamp without time zone', 'timestamp', 'NO', None)
('dwh_prod', 'dimbranchina', 'enddate', 6, 'timestamp without time zone', 'timestamp', 'YES', None)
('dwh_prod', 'dimbranchina', 'iscurrent', 7, 'boolean', 'bool', 'NO', None)
('dwh_prod', 'dimbranchina', 'createddate', 8, 'timestamp without time zone', 'timestamp', 'NO', 'CURRENT_TIMESTAMP')
('dwh_prod', 'dimbranchina', 'modifieddate', 9, 'timestamp without time zone', 'timestamp', 'NO', 'CURRENT_TIMESTAMP')
('dwh_prod', 'dimcust', 'custsk', 1, 'bigint', 'int8', 'NO', "nextval('dwh_prod.dimcust_custsk_seq'::regclass)")
('dwh_prod', 'dimcust', 'custno', 2, 'character varying', 'varchar', 'NO', None)
('dwh_prod', 'dimcust', 'custname', 3, 'character varying', 'varchar', 'YES', None)
('dwh_prod', 'dimcust', 'sellingpointsk', 4, 'bigint', 'int8', 'YES', None)
('dwh_prod', 'dimcust', 'kota', 5, 'character varying', 'varchar', 'YES', None)
('dwh_prod', 'dimcust', 'startdate', 6, 'timestamp without time zone', 'timestamp', 'NO', None)
('dwh_prod', 'dimcust', 'enddate', 7, 'timestamp without time zone', 'timestamp', 'NO', None)
('dwh_prod', 'dimcust', 'iscurrent', 8, 'boolean', 'bool', 'NO', None)
('dwh_prod', 'dimcust', 'createddate', 9, 'timestamp without time zone', 'timestamp', 'NO', 'CURRENT_TIMESTAMP')
('dwh_prod', 'dimcust', 'modifieddate', 10, 'timestamp without time zone', 'timestamp', 'YES', None)
('dwh_prod', 'dimcustina', 'custsk', 1, 'bigint', 'int8', 'NO', "nextval('dwh_prod.dimcustina_custsk_seq'::regclass)")
('dwh_prod', 'dimcustina', 'custno', 2, 'character varying', 'varchar', 'NO', None)
('dwh_prod', 'dimcustina', 'custname', 3, 'character varying', 'varchar', 'NO', None)
('dwh_prod', 'dimcustina', 'sellingpointsk', 4, 'bigint', 'int8', 'NO', None)
('dwh_prod', 'dimcustina', 'kota', 5, 'character varying', 'varchar', 'YES', None)
('dwh_prod', 'dimcustina', 'startdate', 6, 'timestamp without time zone', 'timestamp', 'NO', None)
('dwh_prod', 'dimcustina', 'enddate', 7, 'timestamp without time zone', 'timestamp', 'YES', None)
('dwh_prod', 'dimcustina', 'iscurrent', 8, 'boolean', 'bool', 'NO', None)
('dwh_prod', 'dimcustina', 'createddate', 9, 'timestamp without time zone', 'timestamp', 'NO', 'CURRENT_TIMESTAMP')
('dwh_prod', 'dimcustina', 'modifieddate', 10, 'timestamp without time zone', 'timestamp', 'NO', 'CURRENT_TIMESTAMP')
('dwh_prod', 'dimcustmstnoo', 'id', 1, 'integer', 'int4', 'NO', "nextval('dwh_prod.dimcustmstnoo_id_seq'::regclass)")
('dwh_prod', 'dimcustmstnoo', 'custno', 2, 'character varying', 'varchar', 'NO', None)
('dwh_prod', 'dimcustmstnoo', 'updatedate', 3, 'date', 'date', 'NO', None)
('dwh_prod', 'dimcustmstnoo', 'kodecabang', 4, 'character varying', 'varchar', 'NO', None)
('dwh_prod', 'dimcustmstnoo', 'status', 5, 'integer', 'int4', 'YES', None)
('dwh_prod', 'dimcustmstnoo', 'createddate', 6, 'timestamp without time zone', 'timestamp', 'NO', 'CURRENT_TIMESTAMP')
('dwh_prod', 'dimcustmstnoo', 'lastseendate', 7, 'timestamp without time zone', 'timestamp', 'YES', None)
('dwh_prod', 'dimcustmstnoo', 'lastmodifieddate', 8, 'timestamp without time zone', 'timestamp', 'YES', None)
('dwh_prod', 'dimcustmstnoo', 'isactive', 9, 'character varying', 'varchar', 'YES', "'Y'::character varying")
('dwh_prod', 'dimcustmstnooina', 'id', 1, 'integer', 'int4', 'NO', "nextval('dwh_prod.dimcustmstnooina_id_seq'::regclass)")
('dwh_prod', 'dimcustmstnooina', 'custno', 2, 'character varying', 'varchar', 'NO', None)
('dwh_prod', 'dimcustmstnooina', 'updatedate', 3, 'date', 'date', 'NO', None)
('dwh_prod', 'dimcustmstnooina', 'kodecabang', 4, 'character varying', 'varchar', 'NO', None)
('dwh_prod', 'dimcustmstnooina', 'status', 5, 'integer', 'int4', 'YES', None)
('dwh_prod', 'dimcustmstnooina', 'createddate', 6, 'timestamp without time zone', 'timestamp', 'NO', 'CURRENT_TIMESTAMP')
('dwh_prod', 'dimcustmstnooina', 'lastseendate', 7, 'timestamp without time zone', 'timestamp', 'YES', None)
('dwh_prod', 'dimcustmstnooina', 'lastmodifieddate', 8, 'timestamp without time zone', 'timestamp', 'YES', None)
('dwh_prod', 'dimcustmstnooina', 'isactive', 9, 'character varying', 'varchar', 'YES', "'Y'::character varying")
('dwh_prod', 'dimcustomermkt', 'customerkey', 1, 'bigint', 'int8', 'NO', None)
('dwh_prod', 'dimcustomermkt', 'monthsk', 2, 'bigint', 'int8', 'NO', None)
('dwh_prod', 'dimcustomermkt', 'kota', 3, 'text', 'text', 'YES', None)
('dwh_prod', 'dimcustomermkt', 'sellingpointsk', 4, 'bigint', 'int8', 'NO', None)
('dwh_prod', 'dimcustomermkt', 'sellingpointcode', 5, 'text', 'text', 'NO', None)
('dwh_prod', 'dimcustomermkt', 'custno', 6, 'text', 'text', 'NO', None)
('dwh_prod', 'dimcustomermkt', 'custname', 7, 'text', 'text', 'YES', None)
('dwh_prod', 'dimcustomermkt', 'typeout', 8, 'text', 'text', 'YES', None)
('dwh_prod', 'dimcustomermkt', 'finalcategory5pilar', 9, 'text', 'text', 'YES', None)
('dwh_prod', 'dimcustomermkt', 'periode', 10, 'date', 'date', 'NO', None)
('dwh_prod', 'dimcustomermkt', 'startdate', 11, 'date', 'date', 'NO', None)
('dwh_prod', 'dimcustomermkt', 'enddate', 12, 'date', 'date', 'NO', None)
('dwh_prod', 'dimcustomermkt', 'isactive', 13, 'boolean', 'bool', 'NO', 'true')
('dwh_prod', 'dimcustomermktina', 'customerkey', 1, 'bigint', 'int8', 'NO', "nextval('dwh_prod.dimcustomermktina_customerkey_seq'::regclass)")
('dwh_prod', 'dimcustomermktina', 'monthsk', 2, 'integer', 'int4', 'YES', None)
('dwh_prod', 'dimcustomermktina', 'kota', 3, 'character varying', 'varchar', 'YES', None)
('dwh_prod', 'dimcustomermktina', 'sellingpointsk', 4, 'bigint', 'int8', 'YES', None)
('dwh_prod', 'dimcustomermktina', 'sellingpointcode', 5, 'character varying', 'varchar', 'YES', None)
('dwh_prod', 'dimcustomermktina', 'custno', 6, 'character varying', 'varchar', 'YES', None)
('dwh_prod', 'dimcustomermktina', 'custname', 7, 'character varying', 'varchar', 'YES', None)
('dwh_prod', 'dimcustomermktina', 'typeout', 8, 'character varying', 'varchar', 'YES', None)
('dwh_prod', 'dimcustomermktina', 'finalcategory5pilar', 9, 'character varying', 'varchar', 'YES', None)
('dwh_prod', 'dimcustomermktina', 'periode', 10, 'date', 'date', 'YES', None)
('dwh_prod', 'dimcustomermktina', 'startdate', 11, 'date', 'date', 'YES', None)
('dwh_prod', 'dimcustomermktina', 'enddate', 12, 'date', 'date', 'YES', None)
('dwh_prod', 'dimcustomermktina', 'isactive', 13, 'boolean', 'bool', 'YES', None)
('dwh_prod', 'dimdate', 'date_dim_id', 1, 'bigint', 'int8', 'YES', None)
('dwh_prod', 'dimdate', 'dates', 2, 'timestamp without time zone', 'timestamp', 'YES', None)
('dwh_prod', 'dimdate', 'daysofyears', 3, 'double precision', 'float8', 'YES', None)
('dwh_prod', 'dimdate', 'months', 4, 'double precision', 'float8', 'YES', None)
('dwh_prod', 'dimdate', 'years', 5, 'double precision', 'float8', 'YES', None)
('dwh_prod', 'dimdate', 'quarters', 6, 'double precision', 'float8', 'YES', None)
('dwh_prod', 'dimdate', 'monthsname', 7, 'character varying', 'varchar', 'YES', None)
('dwh_prod', 'dimdate', 'daysofmonths', 8, 'double precision', 'float8', 'YES', None)
('dwh_prod', 'dimdate', 'daysofweekname', 9, 'character varying', 'varchar', 'YES', None)
('dwh_prod', 'dimdate', 'weeknumber', 10, 'double precision', 'float8', 'YES', None)
('dwh_prod', 'dimdate', 'workingday(5)', 11, 'text', 'text', 'YES', None)
('dwh_prod', 'dimdate', 'workingday(6)', 12, 'double precision', 'float8', 'YES', None)
('dwh_prod', 'dimdate', 'daysofweek', 13, 'double precision', 'float8', 'YES', None)
('dwh_prod', 'dimdate', 'ganjilgenap', 14, 'text', 'text', 'YES', None)
('dwh_prod', 'dimdate', 'holiday', 15, 'double precision', 'float8', 'YES', None)
('dwh_prod', 'dimdate', 'networkeddays', 16, 'double precision', 'float8', 'YES', None)
('dwh_prod', 'dimproduct', 'productkey', 1, 'bigint', 'int8', 'NO', None)
('dwh_prod', 'dimproduct', 'pcode', 2, 'text', 'text', 'NO', None)
('dwh_prod', 'dimproduct', 'pcodename', 3, 'text', 'text', 'YES', None)
('dwh_prod', 'dimproduct', 'prlin', 4, 'text', 'text', 'YES', None)
('dwh_prod', 'dimproduct', 'brand', 5, 'text', 'text', 'YES', None)
('dwh_prod', 'dimproduct', 'flag_aktif', 6, 'text', 'text', 'YES', None)
('dwh_prod', 'dimproduct', 'mg1', 7, 'text', 'text', 'YES', None)
('dwh_prod', 'dimproduct', 'mg2', 8, 'text', 'text', 'YES', None)
('dwh_prod', 'dimproduct', 'mg3', 9, 'text', 'text', 'YES', None)
('dwh_prod', 'dimproduct', 'mg4', 10, 'text', 'text', 'YES', None)
('dwh_prod', 'dimproduct', 'mg5', 11, 'text', 'text', 'YES', None)
('dwh_prod', 'dimproduct', 'mg6', 12, 'text', 'text', 'YES', None)
('dwh_prod', 'dimregion', 'regionsk', 1, 'bigint', 'int8', 'NO', "nextval('dwh_prod.dimregion_regionsk_seq'::regclass)")
('dwh_prod', 'dimregion', 'regioncode', 2, 'character varying', 'varchar', 'NO', None)
('dwh_prod', 'dimregion', 'regionname', 3, 'character varying', 'varchar', 'NO', None)
('dwh_prod', 'dimregion', 'startdate', 4, 'timestamp without time zone', 'timestamp', 'NO', None)
('dwh_prod', 'dimregion', 'enddate', 5, 'timestamp without time zone', 'timestamp', 'YES', None)
('dwh_prod', 'dimregion', 'iscurrent', 6, 'boolean', 'bool', 'NO', 'true')
('dwh_prod', 'dimregion', 'createddate', 7, 'timestamp without time zone', 'timestamp', 'NO', 'CURRENT_TIMESTAMP')
('dwh_prod', 'dimregion', 'modifieddate', 8, 'timestamp without time zone', 'timestamp', 'NO', 'CURRENT_TIMESTAMP')
('dwh_prod', 'dimregionina', 'regionsk', 1, 'bigint', 'int8', 'NO', "nextval('dwh_prod.dimregionina_regionsk_seq'::regclass)")
('dwh_prod', 'dimregionina', 'regioncode', 2, 'character varying', 'varchar', 'NO', None)
('dwh_prod', 'dimregionina', 'regionname', 3, 'character varying', 'varchar', 'NO', None)
('dwh_prod', 'dimregionina', 'startdate', 4, 'timestamp without time zone', 'timestamp', 'NO', None)
('dwh_prod', 'dimregionina', 'enddate', 5, 'timestamp without time zone', 'timestamp', 'YES', None)
('dwh_prod', 'dimregionina', 'iscurrent', 6, 'boolean', 'bool', 'NO', None)
('dwh_prod', 'dimregionina', 'createddate', 7, 'timestamp without time zone', 'timestamp', 'NO', 'CURRENT_TIMESTAMP')
('dwh_prod', 'dimregionina', 'modifieddate', 8, 'timestamp without time zone', 'timestamp', 'NO', 'CURRENT_TIMESTAMP')
('dwh_prod', 'dimse', 'sesk', 1, 'bigint', 'int8', 'NO', "nextval('dwh_prod.dimse_sesk_seq'::regclass)")
('dwh_prod', 'dimse', 'slsno', 2, 'character varying', 'varchar', 'NO', None)
('dwh_prod', 'dimse', 'slsname', 3, 'character varying', 'varchar', 'NO', None)
('dwh_prod', 'dimse', 'spvsk', 4, 'bigint', 'int8', 'NO', None)
('dwh_prod', 'dimse', 'sellingpointsk', 5, 'bigint', 'int8', 'NO', None)
('dwh_prod', 'dimse', 'startdate', 6, 'timestamp without time zone', 'timestamp', 'NO', None)
('dwh_prod', 'dimse', 'enddate', 7, 'timestamp without time zone', 'timestamp', 'YES', None)
('dwh_prod', 'dimse', 'iscurrent', 8, 'boolean', 'bool', 'NO', 'true')
('dwh_prod', 'dimse', 'createddate', 9, 'timestamp without time zone', 'timestamp', 'NO', 'CURRENT_TIMESTAMP')
('dwh_prod', 'dimse', 'modifieddate', 10, 'timestamp without time zone', 'timestamp', 'NO', 'CURRENT_TIMESTAMP')
('dwh_prod', 'dimseina', 'sesk', 1, 'bigint', 'int8', 'NO', "nextval('dwh_prod.dimseina_sesk_seq'::regclass)")
('dwh_prod', 'dimseina', 'slsno', 2, 'character varying', 'varchar', 'NO', None)
('dwh_prod', 'dimseina', 'slsname', 3, 'character varying', 'varchar', 'NO', None)
('dwh_prod', 'dimseina', 'spvsk', 4, 'bigint', 'int8', 'NO', None)
('dwh_prod', 'dimseina', 'sellingpointsk', 5, 'bigint', 'int8', 'NO', None)
('dwh_prod', 'dimseina', 'startdate', 6, 'timestamp without time zone', 'timestamp', 'NO', None)
('dwh_prod', 'dimseina', 'enddate', 7, 'timestamp without time zone', 'timestamp', 'YES', None)
('dwh_prod', 'dimseina', 'iscurrent', 8, 'boolean', 'bool', 'NO', None)
('dwh_prod', 'dimseina', 'createddate', 9, 'timestamp without time zone', 'timestamp', 'NO', 'CURRENT_TIMESTAMP')
('dwh_prod', 'dimseina', 'modifieddate', 10, 'timestamp without time zone', 'timestamp', 'NO', 'CURRENT_TIMESTAMP')
('dwh_prod', 'dimsellingpoint', 'sellingpointsk', 1, 'bigint', 'int8', 'NO', "nextval('dwh_prod.dimsellingpoint_sellingpointsk_seq'::regclass)")
('dwh_prod', 'dimsellingpoint', 'sellingpointcode', 2, 'character varying', 'varchar', 'NO', None)
('dwh_prod', 'dimsellingpoint', 'sellingpointname', 3, 'character varying', 'varchar', 'NO', None)
('dwh_prod', 'dimsellingpoint', 'spvsk', 4, 'bigint', 'int8', 'NO', None)
('dwh_prod', 'dimsellingpoint', 'kota', 5, 'character varying', 'varchar', 'YES', None)
('dwh_prod', 'dimsellingpoint', 'startdate', 6, 'timestamp without time zone', 'timestamp', 'NO', None)
('dwh_prod', 'dimsellingpoint', 'enddate', 7, 'timestamp without time zone', 'timestamp', 'YES', None)
('dwh_prod', 'dimsellingpoint', 'iscurrent', 8, 'boolean', 'bool', 'NO', 'true')
('dwh_prod', 'dimsellingpoint', 'createddate', 9, 'timestamp without time zone', 'timestamp', 'NO', 'CURRENT_TIMESTAMP')
('dwh_prod', 'dimsellingpoint', 'modifieddate', 10, 'timestamp without time zone', 'timestamp', 'NO', 'CURRENT_TIMESTAMP')
('dwh_prod', 'dimsellingpointina', 'sellingpointsk', 1, 'bigint', 'int8', 'NO', "nextval('dwh_prod.dimsellingpointina_sellingpointsk_seq'::regclass)")
('dwh_prod', 'dimsellingpointina', 'sellingpointcode', 2, 'character varying', 'varchar', 'NO', None)
('dwh_prod', 'dimsellingpointina', 'sellingpointname', 3, 'character varying', 'varchar', 'NO', None)
('dwh_prod', 'dimsellingpointina', 'spvsk', 4, 'bigint', 'int8', 'NO', None)
('dwh_prod', 'dimsellingpointina', 'kota', 5, 'character varying', 'varchar', 'YES', None)
('dwh_prod', 'dimsellingpointina', 'startdate', 6, 'timestamp without time zone', 'timestamp', 'NO', None)
('dwh_prod', 'dimsellingpointina', 'enddate', 7, 'timestamp without time zone', 'timestamp', 'YES', None)
('dwh_prod', 'dimsellingpointina', 'iscurrent', 8, 'boolean', 'bool', 'NO', None)
('dwh_prod', 'dimsellingpointina', 'createddate', 9, 'timestamp without time zone', 'timestamp', 'NO', 'CURRENT_TIMESTAMP')
('dwh_prod', 'dimsellingpointina', 'modifieddate', 10, 'timestamp without time zone', 'timestamp', 'NO', 'CURRENT_TIMESTAMP')
('dwh_prod', 'dimspv', 'spvsk', 1, 'bigint', 'int8', 'NO', "nextval('dwh_prod.dimspv_spvsk_seq'::regclass)")
('dwh_prod', 'dimspv', 'spvcode', 2, 'character varying', 'varchar', 'NO', None)
('dwh_prod', 'dimspv', 'spvname', 3, 'character varying', 'varchar', 'NO', None)
('dwh_prod', 'dimspv', 'branchsk', 4, 'bigint', 'int8', 'NO', None)
('dwh_prod', 'dimspv', 'startdate', 5, 'timestamp without time zone', 'timestamp', 'NO', None)
('dwh_prod', 'dimspv', 'enddate', 6, 'timestamp without time zone', 'timestamp', 'YES', None)
('dwh_prod', 'dimspv', 'iscurrent', 7, 'boolean', 'bool', 'NO', 'true')
('dwh_prod', 'dimspv', 'createddate', 8, 'timestamp without time zone', 'timestamp', 'NO', 'CURRENT_TIMESTAMP')
('dwh_prod', 'dimspv', 'modifieddate', 9, 'timestamp without time zone', 'timestamp', 'NO', 'CURRENT_TIMESTAMP')
('dwh_prod', 'dimspvina', 'spvsk', 1, 'bigint', 'int8', 'NO', "nextval('dwh_prod.dimspvina_spvsk_seq'::regclass)")
('dwh_prod', 'dimspvina', 'spvcode', 2, 'character varying', 'varchar', 'NO', None)
('dwh_prod', 'dimspvina', 'spvname', 3, 'character varying', 'varchar', 'NO', None)
('dwh_prod', 'dimspvina', 'branchsk', 4, 'bigint', 'int8', 'NO', None)
('dwh_prod', 'dimspvina', 'startdate', 5, 'timestamp without time zone', 'timestamp', 'NO', None)
('dwh_prod', 'dimspvina', 'enddate', 6, 'timestamp without time zone', 'timestamp', 'YES', None)
('dwh_prod', 'dimspvina', 'iscurrent', 7, 'boolean', 'bool', 'NO', None)
('dwh_prod', 'dimspvina', 'createddate', 8, 'timestamp without time zone', 'timestamp', 'NO', 'CURRENT_TIMESTAMP')
('dwh_prod', 'dimspvina', 'modifieddate', 9, 'timestamp without time zone', 'timestamp', 'NO', 'CURRENT_TIMESTAMP')
('dwh_prod', 'etl_refresh_log', 'process_name', 1, 'character varying', 'varchar', 'YES', None)
('dwh_prod', 'etl_refresh_log', 'start_time', 2, 'timestamp without time zone', 'timestamp', 'YES', None)
('dwh_prod', 'etl_refresh_log', 'end_time', 3, 'timestamp without time zone', 'timestamp', 'YES', None)
('dwh_prod', 'etl_refresh_log', 'status', 4, 'character varying', 'varchar', 'YES', None)
('dwh_prod', 'etl_refresh_log', 'message', 5, 'text', 'text', 'YES', None)
('dwh_prod', 'etms_product_np', 'regioncode', 1, 'character varying', 'varchar', 'NO', None)
('dwh_prod', 'etms_product_np', 'branchcode', 2, 'character varying', 'varchar', 'NO', None)
('dwh_prod', 'etms_product_np', 'sellingpointcode', 3, 'character varying', 'varchar', 'NO', None)
('dwh_prod', 'etms_product_np', 'custno', 4, 'character varying', 'varchar', 'NO', None)
('dwh_prod', 'etms_product_np', 'pcode', 5, 'character varying', 'varchar', 'NO', None)
('dwh_prod', 'etms_product_np', 'pcodename', 6, 'character varying', 'varchar', 'YES', None)
('dwh_prod', 'etms_product_np', 'mg1', 7, 'character varying', 'varchar', 'YES', None)
('dwh_prod', 'etms_product_np', 'mg2', 8, 'character varying', 'varchar', 'YES', None)
('dwh_prod', 'etms_product_np', 'mg3', 9, 'character varying', 'varchar', 'YES', None)
('dwh_prod', 'etms_product_np', 'mg4', 10, 'character varying', 'varchar', 'YES', None)
('dwh_prod', 'etms_product_np', 'mg5', 11, 'character varying', 'varchar', 'YES', None)
('dwh_prod', 'etms_product_np', 'regionpin', 12, 'character varying', 'varchar', 'YES', None)
('dwh_prod', 'etms_product_np', 'branchpin', 13, 'character varying', 'varchar', 'YES', None)
('dwh_prod', 'etms_product_np', 'sellingpointpin', 14, 'character varying', 'varchar', 'YES', None)
('dwh_prod', 'etms_product_np', 'sellingpointname', 15, 'character varying', 'varchar', 'YES', None)
('dwh_prod', 'etms_product_np', 'branchname', 16, 'character varying', 'varchar', 'YES', None)
('dwh_prod', 'etms_product_np', 'regionname', 17, 'character varying', 'varchar', 'YES', None)
('dwh_prod', 'f_cust5p', 'custfactkey', 1, 'bigint', 'int8', 'NO', None)
('dwh_prod', 'f_cust5p', 'monthsk', 2, 'integer', 'int4', 'NO', None)
('dwh_prod', 'f_cust5p', 'regionsk', 3, 'integer', 'int4', 'NO', None)
('dwh_prod', 'f_cust5p', 'branchsk', 4, 'integer', 'int4', 'NO', None)
('dwh_prod', 'f_cust5p', 'spvsk', 5, 'integer', 'int4', 'NO', None)
('dwh_prod', 'f_cust5p', 'sellingpointsk', 6, 'integer', 'int4', 'NO', None)
('dwh_prod', 'f_cust5p', 'custsk', 7, 'integer', 'int4', 'NO', None)
('dwh_prod', 'f_cust5p', 'slsno', 8, 'character varying', 'varchar', 'YES', None)
('dwh_prod', 'f_cust5p', 'slsname', 9, 'character varying', 'varchar', 'YES', None)
('dwh_prod', 'f_cust5p', 'targetvaluemonthlycust', 10, 'numeric', 'numeric', 'YES', '0')
('dwh_prod', 'f_cust5p', 'realvaluemonthlycust', 11, 'numeric', 'numeric', 'YES', '0')
('dwh_prod', 'f_cust5p', 'pctcapaivaluemonthlycust', 12, 'numeric', 'numeric', 'YES', '0')
('dwh_prod', 'f_cust5p', 'colorcapaivaluecust', 13, 'character varying', 'varchar', 'YES', None)
('dwh_prod', 'f_cust5p', 'ket5pilar', 14, 'character varying', 'varchar', 'YES', None)
('dwh_prod', 'f_cust5p', 'createdat', 15, 'timestamp without time zone', 'timestamp', 'YES', 'CURRENT_TIMESTAMP')
('dwh_prod', 'f_region5pina', 'regionfactkey', 1, 'bigint', 'int8', 'NO', None)
('dwh_prod', 'f_region5pina', 'monthsk', 2, 'integer', 'int4', 'NO', None)
('dwh_prod', 'f_region5pina', 'regionsk', 3, 'integer', 'int4', 'NO', None)
('dwh_prod', 'f_region5pina', 'ket5pilar', 4, 'character varying', 'varchar', 'YES', None)
('dwh_prod', 'f_region5pina', 'targetoutletmonthlyrsm', 5, 'numeric', 'numeric', 'YES', '0')
('dwh_prod', 'f_region5pina', 'realoutletmonthlyrsm', 6, 'numeric', 'numeric', 'YES', '0')
('dwh_prod', 'f_region5pina', 'capaioutletmonthlyrsm', 7, 'numeric', 'numeric', 'YES', '0')
('dwh_prod', 'f_region5pina', 'targetvaluemonthlyrsm', 8, 'numeric', 'numeric', 'YES', '0')
('dwh_prod', 'f_region5pina', 'realvaluemonthlyrsm', 9, 'numeric', 'numeric', 'YES', '0')
('dwh_prod', 'f_region5pina', 'capaivaluemonthlyrsm', 10, 'numeric', 'numeric', 'YES', '0')
('dwh_prod', 'f_region5pina', 'colorcapaioutletrsm', 11, 'character varying', 'varchar', 'YES', None)
('dwh_prod', 'f_region5pina', 'colorcapaivaluersm', 12, 'character varying', 'varchar', 'YES', None)
('dwh_prod', 'f_region5pina', 'createdat', 13, 'timestamp without time zone', 'timestamp', 'YES', 'CURRENT_TIMESTAMP')
('dwh_prod', 'f_se5p', 'sefactkey', 1, 'bigint', 'int8', 'NO', None)
('dwh_prod', 'f_se5p', 'monthsk', 2, 'integer', 'int4', 'NO', None)
('dwh_prod', 'f_se5p', 'regionsk', 3, 'integer', 'int4', 'NO', None)
('dwh_prod', 'f_se5p', 'branchsk', 4, 'integer', 'int4', 'NO', None)
('dwh_prod', 'f_se5p', 'spvsk', 5, 'integer', 'int4', 'NO', None)
('dwh_prod', 'f_se5p', 'sellingpointsk', 6, 'integer', 'int4', 'NO', None)
('dwh_prod', 'f_se5p', 'sesk', 7, 'integer', 'int4', 'NO', None)
('dwh_prod', 'f_se5p', 'ket5pilar', 8, 'character varying', 'varchar', 'YES', None)
('dwh_prod', 'f_se5p', 'targetoutletmonthlyse', 9, 'numeric', 'numeric', 'YES', '0')
('dwh_prod', 'f_se5p', 'realoutletmonthlyse', 10, 'numeric', 'numeric', 'YES', '0')
('dwh_prod', 'f_se5p', 'capaioutletmonthlyse', 11, 'numeric', 'numeric', 'YES', '0')
('dwh_prod', 'f_se5p', 'targetvaluemonthlyse', 12, 'numeric', 'numeric', 'YES', '0')
('dwh_prod', 'f_se5p', 'realvaluemonthlyse', 13, 'numeric', 'numeric', 'YES', '0')
('dwh_prod', 'f_se5p', 'capaivaluemonthlyse', 14, 'numeric', 'numeric', 'YES', '0')
('dwh_prod', 'f_se5p', 'colorcapaioutletse', 15, 'character varying', 'varchar', 'YES', None)
('dwh_prod', 'f_se5p', 'colorcapaivaluese', 16, 'character varying', 'varchar', 'YES', None)
('dwh_prod', 'f_se5p', 'createdat', 17, 'timestamp without time zone', 'timestamp', 'YES', 'CURRENT_TIMESTAMP')
('dwh_prod', 'f_spv5p', 'spvfactkey', 1, 'bigint', 'int8', 'NO', None)
('dwh_prod', 'f_spv5p', 'monthsk', 2, 'integer', 'int4', 'NO', None)
('dwh_prod', 'f_spv5p', 'regionsk', 3, 'integer', 'int4', 'NO', None)
('dwh_prod', 'f_spv5p', 'branchsk', 4, 'integer', 'int4', 'NO', None)
('dwh_prod', 'f_spv5p', 'spvsk', 5, 'integer', 'int4', 'NO', None)
('dwh_prod', 'f_spv5p', 'ket5pilar', 6, 'character varying', 'varchar', 'YES', None)
('dwh_prod', 'f_spv5p', 'targetoutletmonthlyspv', 7, 'numeric', 'numeric', 'YES', '0')
('dwh_prod', 'f_spv5p', 'realoutletmonthlyspv', 8, 'numeric', 'numeric', 'YES', '0')
('dwh_prod', 'f_spv5p', 'capaioutletmonthlyspv', 9, 'numeric', 'numeric', 'YES', '0')
('dwh_prod', 'f_spv5p', 'targetvaluemonthlyspv', 10, 'numeric', 'numeric', 'YES', '0')
('dwh_prod', 'f_spv5p', 'realvaluemonthlyspv', 11, 'numeric', 'numeric', 'YES', '0')
('dwh_prod', 'f_spv5p', 'capaivaluemonthlyspv', 12, 'numeric', 'numeric', 'YES', '0')
('dwh_prod', 'f_spv5p', 'colorcapaioutletspv', 13, 'character varying', 'varchar', 'YES', None)
('dwh_prod', 'f_spv5p', 'colorcapaivaluespv', 14, 'character varying', 'varchar', 'YES', None)
('dwh_prod', 'f_spv5p', 'createdat', 15, 'timestamp without time zone', 'timestamp', 'YES', 'CURRENT_TIMESTAMP')
('dwh_prod', 'factfrequencyipc', 'customerkey', 1, 'bigint', 'int8', 'NO', None)
('dwh_prod', 'factfrequencyipc', 'sellingpointsk', 2, 'bigint', 'int8', 'NO', None)
('dwh_prod', 'factfrequencyipc', 'monthsk', 3, 'bigint', 'int8', 'NO', None)
('dwh_prod', 'factfrequencyipc', 'productkey', 4, 'bigint', 'int8', 'NO', None)
('dwh_prod', 'factfrequencyipc', 'frekuensiorder', 5, 'integer', 'int4', 'YES', None)
('dwh_prod', 'factfrequencyipcina', 'customerkey', 1, 'bigint', 'int8', 'NO', None)
('dwh_prod', 'factfrequencyipcina', 'sellingpointsk', 2, 'bigint', 'int8', 'NO', None)
('dwh_prod', 'factfrequencyipcina', 'monthsk', 3, 'integer', 'int4', 'NO', None)
('dwh_prod', 'factfrequencyipcina', 'productkey', 4, 'bigint', 'int8', 'NO', None)
('dwh_prod', 'factfrequencyipcina', 'frekuensiorder', 5, 'integer', 'int4', 'YES', None)
('dwh_prod', 'factfrequencyipcsi', 'sellingpointsk', 1, 'bigint', 'int8', 'NO', None)
('dwh_prod', 'factfrequencyipcsi', 'monthsk', 2, 'bigint', 'int8', 'NO', None)
('dwh_prod', 'factfrequencyipcsi', 'productkey', 3, 'bigint', 'int8', 'NO', None)
('dwh_prod', 'factfrequencyipcsi', 'frekuensiorder', 4, 'integer', 'int4', 'YES', None)
('dwh_prod', 'factfrequencyipcsiina', 'sellingpointsk', 1, 'bigint', 'int8', 'NO', None)
('dwh_prod', 'factfrequencyipcsiina', 'monthsk', 2, 'integer', 'int4', 'NO', None)
('dwh_prod', 'factfrequencyipcsiina', 'productkey', 3, 'bigint', 'int8', 'NO', None)
('dwh_prod', 'factfrequencyipcsiina', 'frekuensiorder', 4, 'integer', 'int4', 'YES', None)
('dwh_prod', 'factfrequencyipt', 'customerkey', 1, 'bigint', 'int8', 'NO', None)
('dwh_prod', 'factfrequencyipt', 'sellingpointsk', 2, 'bigint', 'int8', 'NO', None)
('dwh_prod', 'factfrequencyipt', 'monthsk', 3, 'bigint', 'int8', 'NO', None)
('dwh_prod', 'factfrequencyipt', 'frekuensiorder', 4, 'integer', 'int4', 'YES', None)
('dwh_prod', 'factfrequencyipt', 'totalitem', 5, 'integer', 'int4', 'YES', None)
('dwh_prod', 'factfrequencyiptina', 'customerkey', 1, 'bigint', 'int8', 'NO', None)
('dwh_prod', 'factfrequencyiptina', 'sellingpointsk', 2, 'bigint', 'int8', 'NO', None)
('dwh_prod', 'factfrequencyiptina', 'monthsk', 3, 'integer', 'int4', 'NO', None)
('dwh_prod', 'factfrequencyiptina', 'frekuensiorder', 4, 'integer', 'int4', 'YES', None)
('dwh_prod', 'factfrequencyiptina', 'totalitem', 5, 'integer', 'int4', 'YES', None)
('dwh_prod', 'factfrequencyiptsi', 'sellingpointsk', 1, 'bigint', 'int8', 'NO', None)
('dwh_prod', 'factfrequencyiptsi', 'monthsk', 2, 'bigint', 'int8', 'NO', None)
('dwh_prod', 'factfrequencyiptsi', 'frekuensiorder', 3, 'integer', 'int4', 'YES', None)
('dwh_prod', 'factfrequencyiptsi', 'totalitem', 4, 'integer', 'int4', 'YES', None)
('dwh_prod', 'factfrequencyiptsiina', 'sellingpointsk', 1, 'bigint', 'int8', 'NO', None)
('dwh_prod', 'factfrequencyiptsiina', 'monthsk', 2, 'integer', 'int4', 'NO', None)
('dwh_prod', 'factfrequencyiptsiina', 'frekuensiorder', 3, 'integer', 'int4', 'YES', None)
('dwh_prod', 'factfrequencyiptsiina', 'totalitem', 4, 'integer', 'int4', 'YES', None)
('dwh_prod', 'factsellinmkt', 'sellingpointsk', 1, 'bigint', 'int8', 'NO', None)
('dwh_prod', 'factsellinmkt', 'productkey', 2, 'bigint', 'int8', 'NO', None)
('dwh_prod', 'factsellinmkt', 'monthsk', 3, 'bigint', 'int8', 'NO', None)
('dwh_prod', 'factsellinmkt', 'totalqtyktn', 4, 'numeric', 'numeric', 'YES', None)
('dwh_prod', 'factsellinmkt', 'nettreg', 5, 'numeric', 'numeric', 'YES', None)
('dwh_prod', 'factsellinmkt', 'nettfes', 6, 'numeric', 'numeric', 'YES', None)
('dwh_prod', 'factsellinmkt', 'totalrealsellin', 7, 'numeric', 'numeric', 'YES', None)
('dwh_prod', 'factsellinmktina', 'sellingpointsk', 1, 'bigint', 'int8', 'NO', None)
('dwh_prod', 'factsellinmktina', 'productkey', 2, 'bigint', 'int8', 'NO', None)
('dwh_prod', 'factsellinmktina', 'monthsk', 3, 'integer', 'int4', 'NO', None)
('dwh_prod', 'factsellinmktina', 'totalqtyktn', 4, 'numeric', 'numeric', 'YES', None)
('dwh_prod', 'factsellinmktina', 'nettreg', 5, 'numeric', 'numeric', 'YES', None)
('dwh_prod', 'factsellinmktina', 'nettfes', 6, 'numeric', 'numeric', 'YES', None)
('dwh_prod', 'factsellinmktina', 'totalrealsellin', 7, 'numeric', 'numeric', 'YES', None)
('dwh_prod', 'factselloutmkt', 'customerkey', 1, 'bigint', 'int8', 'NO', None)
('dwh_prod', 'factselloutmkt', 'productkey', 2, 'bigint', 'int8', 'NO', None)
('dwh_prod', 'factselloutmkt', 'monthsk', 3, 'bigint', 'int8', 'NO', None)
('dwh_prod', 'factselloutmkt', 'sellingpointsk', 4, 'bigint', 'int8', 'NO', None)
('dwh_prod', 'factselloutmkt', 'custno', 5, 'text', 'text', 'YES', None)
('dwh_prod', 'factselloutmkt', 'totalqtyktn', 6, 'numeric', 'numeric', 'YES', None)
('dwh_prod', 'factselloutmkt', 'nettreg', 7, 'numeric', 'numeric', 'YES', None)
('dwh_prod', 'factselloutmkt', 'nettfes', 8, 'numeric', 'numeric', 'YES', None)
('dwh_prod', 'factselloutmkt', 'totalrealsellout', 9, 'numeric', 'numeric', 'YES', None)
('dwh_prod', 'factselloutmktina', 'customerkey', 1, 'bigint', 'int8', 'NO', None)
('dwh_prod', 'factselloutmktina', 'productkey', 2, 'bigint', 'int8', 'NO', None)
('dwh_prod', 'factselloutmktina', 'monthsk', 3, 'integer', 'int4', 'NO', None)
('dwh_prod', 'factselloutmktina', 'sellingpointsk', 4, 'bigint', 'int8', 'NO', None)
('dwh_prod', 'factselloutmktina', 'custno', 5, 'character varying', 'varchar', 'YES', None)
('dwh_prod', 'factselloutmktina', 'totalqtyktn', 6, 'numeric', 'numeric', 'YES', None)
('dwh_prod', 'factselloutmktina', 'nettreg', 7, 'numeric', 'numeric', 'YES', None)
('dwh_prod', 'factselloutmktina', 'nettfes', 8, 'numeric', 'numeric', 'YES', None)
('dwh_prod', 'factselloutmktina', 'totalrealsellout', 9, 'numeric', 'numeric', 'YES', None)
('dwh_prod', 'facttinoutmkt', 'sellingpointsk', 1, 'integer', 'int4', 'NO', None)
('dwh_prod', 'facttinoutmkt', 'monthsk', 2, 'integer', 'int4', 'NO', None)
('dwh_prod', 'facttinoutmkt', 'spvsk', 3, 'integer', 'int4', 'NO', None)
('dwh_prod', 'facttinoutmkt', 'branchsk', 4, 'integer', 'int4', 'NO', None)
('dwh_prod', 'facttinoutmkt', 'regionsk', 5, 'integer', 'int4', 'NO', None)
('dwh_prod', 'facttinoutmkt', 'realsellinreg', 6, 'numeric', 'numeric', 'YES', None)
('dwh_prod', 'facttinoutmkt', 'realsellinfes', 7, 'numeric', 'numeric', 'YES', None)
('dwh_prod', 'facttinoutmkt', 'totalrealsellin', 8, 'numeric', 'numeric', 'YES', None)
('dwh_prod', 'facttinoutmkt', 'realselloutreg', 9, 'numeric', 'numeric', 'YES', None)
('dwh_prod', 'facttinoutmkt', 'realselloutfes', 10, 'numeric', 'numeric', 'YES', None)
('dwh_prod', 'facttinoutmkt', 'totalrealsellout', 11, 'numeric', 'numeric', 'YES', None)
('dwh_prod', 'facttinoutmkt', 'targetsellinreg', 12, 'numeric', 'numeric', 'YES', None)
('dwh_prod', 'facttinoutmkt', 'targetsellinfes', 13, 'numeric', 'numeric', 'YES', None)
('dwh_prod', 'facttinoutmkt', 'totaltargetsellin', 14, 'numeric', 'numeric', 'YES', None)
('dwh_prod', 'facttinoutmkt', 'targetselloutreg', 15, 'numeric', 'numeric', 'YES', None)
('dwh_prod', 'facttinoutmkt', 'targetselloutfes', 16, 'numeric', 'numeric', 'YES', None)
('dwh_prod', 'facttinoutmkt', 'totaltargetsellout', 17, 'numeric', 'numeric', 'YES', None)
('dwh_prod', 'facttinoutmktina', 'sellingpointsk', 1, 'integer', 'int4', 'NO', None)
('dwh_prod', 'facttinoutmktina', 'monthsk', 2, 'integer', 'int4', 'NO', None)
('dwh_prod', 'facttinoutmktina', 'spvsk', 3, 'integer', 'int4', 'NO', None)
('dwh_prod', 'facttinoutmktina', 'branchsk', 4, 'integer', 'int4', 'NO', None)
('dwh_prod', 'facttinoutmktina', 'regionsk', 5, 'integer', 'int4', 'NO', None)
('dwh_prod', 'facttinoutmktina', 'realsellinreg', 6, 'numeric', 'numeric', 'YES', None)
('dwh_prod', 'facttinoutmktina', 'realsellinfes', 7, 'numeric', 'numeric', 'YES', None)
('dwh_prod', 'facttinoutmktina', 'totalrealsellin', 8, 'numeric', 'numeric', 'YES', None)
('dwh_prod', 'facttinoutmktina', 'realselloutreg', 9, 'numeric', 'numeric', 'YES', None)
('dwh_prod', 'facttinoutmktina', 'realselloutfes', 10, 'numeric', 'numeric', 'YES', None)
('dwh_prod', 'facttinoutmktina', 'totalrealsellout', 11, 'numeric', 'numeric', 'YES', None)
('dwh_prod', 'facttinoutmktina', 'targetsellinreg', 12, 'numeric', 'numeric', 'YES', None)
('dwh_prod', 'facttinoutmktina', 'targetsellinfes', 13, 'numeric', 'numeric', 'YES', None)
('dwh_prod', 'facttinoutmktina', 'totaltargetsellin', 14, 'numeric', 'numeric', 'YES', None)
('dwh_prod', 'facttinoutmktina', 'targetselloutreg', 15, 'numeric', 'numeric', 'YES', None)
('dwh_prod', 'facttinoutmktina', 'targetselloutfes', 16, 'numeric', 'numeric', 'YES', None)
('dwh_prod', 'facttinoutmktina', 'totaltargetsellout', 17, 'numeric', 'numeric', 'YES', None)
('dwh_prod', 'farea', 'kode', 1, 'character varying', 'varchar', 'NO', None)
('dwh_prod', 'farea', 'ket', 2, 'character varying', 'varchar', 'YES', None)
('dwh_prod', 'farea5p', 'areafactkey', 1, 'bigint', 'int8', 'NO', None)
('dwh_prod', 'farea5p', 'monthsk', 2, 'integer', 'int4', 'NO', None)
('dwh_prod', 'farea5p', 'regionsk', 3, 'integer', 'int4', 'NO', None)
('dwh_prod', 'farea5p', 'branchsk', 4, 'integer', 'int4', 'NO', None)
('dwh_prod', 'farea5p', 'ket5pilar', 5, 'character varying', 'varchar', 'YES', None)
('dwh_prod', 'farea5p', 'targetoutletmonthlyasm', 6, 'numeric', 'numeric', 'YES', '0')
('dwh_prod', 'farea5p', 'realoutletmonthlyasm', 7, 'numeric', 'numeric', 'YES', '0')
('dwh_prod', 'farea5p', 'capaioutletmonthlyasm', 8, 'numeric', 'numeric', 'YES', '0')
('dwh_prod', 'farea5p', 'targetvaluemonthlyasm', 9, 'numeric', 'numeric', 'YES', '0')
('dwh_prod', 'farea5p', 'realvaluemonthlyasm', 10, 'numeric', 'numeric', 'YES', '0')
('dwh_prod', 'farea5p', 'capaivaluemonthlyasm', 11, 'numeric', 'numeric', 'YES', '0')
('dwh_prod', 'farea5p', 'colorcapaioutletasm', 12, 'character varying', 'varchar', 'YES', None)
('dwh_prod', 'farea5p', 'colorcapaivalueasm', 13, 'character varying', 'varchar', 'YES', None)
('dwh_prod', 'farea5p', 'createdat', 14, 'timestamp without time zone', 'timestamp', 'YES', 'CURRENT_TIMESTAMP')
('dwh_prod', 'farea5pina', 'areafactkey', 1, 'bigint', 'int8', 'NO', None)
('dwh_prod', 'farea5pina', 'monthsk', 2, 'integer', 'int4', 'NO', None)
('dwh_prod', 'farea5pina', 'regionsk', 3, 'integer', 'int4', 'NO', None)
('dwh_prod', 'farea5pina', 'branchsk', 4, 'integer', 'int4', 'NO', None)
('dwh_prod', 'farea5pina', 'ket5pilar', 5, 'character varying', 'varchar', 'YES', None)
('dwh_prod', 'farea5pina', 'targetoutletmonthlyasm', 6, 'numeric', 'numeric', 'YES', '0')
('dwh_prod', 'farea5pina', 'realoutletmonthlyasm', 7, 'numeric', 'numeric', 'YES', '0')
('dwh_prod', 'farea5pina', 'capaioutletmonthlyasm', 8, 'numeric', 'numeric', 'YES', '0')
('dwh_prod', 'farea5pina', 'targetvaluemonthlyasm', 9, 'numeric', 'numeric', 'YES', '0')
('dwh_prod', 'farea5pina', 'realvaluemonthlyasm', 10, 'numeric', 'numeric', 'YES', '0')
('dwh_prod', 'farea5pina', 'capaivaluemonthlyasm', 11, 'numeric', 'numeric', 'YES', '0')
('dwh_prod', 'farea5pina', 'colorcapaioutletasm', 12, 'character varying', 'varchar', 'YES', None)
('dwh_prod', 'farea5pina', 'colorcapaivalueasm', 13, 'character varying', 'varchar', 'YES', None)
('dwh_prod', 'farea5pina', 'createdat', 14, 'timestamp without time zone', 'timestamp', 'YES', 'CURRENT_TIMESTAMP')
('dwh_prod', 'fbrand', 'prlin', 1, 'character varying', 'varchar', 'YES', "''::character varying")
('dwh_prod', 'fbrand', 'prlinuci', 2, 'character varying', 'varchar', 'YES', "''::character varying")
('dwh_prod', 'fbrand', 'branduci', 3, 'character varying', 'varchar', 'YES', "''::character varying")
('dwh_prod', 'fbrand', 'brand', 4, 'character varying', 'varchar', 'YES', "''::character varying")
('dwh_prod', 'fbrand', 'brandname', 5, 'character varying', 'varchar', 'YES', None)
('dwh_prod', 'fbrand', 'kodecabang', 6, 'character varying', 'varchar', 'YES', "''::character varying")
('dwh_prod', 'fbrand', 'flag_aktif', 7, 'character varying', 'varchar', 'YES', "'Y'::character varying")
('dwh_prod', 'fbrand', 'qty_h', 8, 'integer', 'int4', 'YES', '1')
('dwh_prod', 'fbrand', 'qty', 9, 'integer', 'int4', 'YES', '1')
('dwh_prod', 'fclassification_prc', 'classification_id', 1, 'character varying', 'varchar', 'YES', None)
('dwh_prod', 'fclassification_prc', 'classification_name', 2, 'character varying', 'varchar', 'YES', None)
('dwh_prod', 'fclassification_prc', 'create_date', 3, 'timestamp without time zone', 'timestamp', 'YES', None)
('dwh_prod', 'fclassification_prc', 'create_by', 4, 'character varying', 'varchar', 'YES', "''::character varying")
('dwh_prod', 'fclassification_prc', 'update_date', 5, 'timestamp without time zone', 'timestamp', 'YES', None)
('dwh_prod', 'fclassification_prc', 'update_by', 6, 'character varying', 'varchar', 'YES', "''::character varying")
('dwh_prod', 'fclassification_prc', 'min_range', 7, 'integer', 'int4', 'YES', None)
('dwh_prod', 'fclassification_prc', 'max_range', 8, 'integer', 'int4', 'YES', None)
('dwh_prod', 'fclassification_prc', 'disc_rebate', 9, 'integer', 'int4', 'YES', None)
('dwh_prod', 'fcust5pina', 'custfactkey', 1, 'bigint', 'int8', 'NO', None)
('dwh_prod', 'fcust5pina', 'monthsk', 2, 'integer', 'int4', 'NO', None)
('dwh_prod', 'fcust5pina', 'regionsk', 3, 'integer', 'int4', 'NO', None)
('dwh_prod', 'fcust5pina', 'branchsk', 4, 'integer', 'int4', 'NO', None)
('dwh_prod', 'fcust5pina', 'spvsk', 5, 'integer', 'int4', 'NO', None)
('dwh_prod', 'fcust5pina', 'sellingpointsk', 6, 'integer', 'int4', 'NO', None)
('dwh_prod', 'fcust5pina', 'custsk', 7, 'integer', 'int4', 'NO', None)
('dwh_prod', 'fcust5pina', 'slsno', 8, 'character varying', 'varchar', 'YES', None)
('dwh_prod', 'fcust5pina', 'slsname', 9, 'character varying', 'varchar', 'YES', None)
('dwh_prod', 'fcust5pina', 'targetvaluemonthlycust', 10, 'numeric', 'numeric', 'YES', '0')
('dwh_prod', 'fcust5pina', 'realvaluemonthlycust', 11, 'numeric', 'numeric', 'YES', '0')
('dwh_prod', 'fcust5pina', 'pctcapaivaluemonthlycust', 12, 'numeric', 'numeric', 'YES', '0')
('dwh_prod', 'fcust5pina', 'colorcapaivaluecust', 13, 'character varying', 'varchar', 'YES', None)
('dwh_prod', 'fcust5pina', 'ket5pilar', 14, 'character varying', 'varchar', 'YES', None)
('dwh_prod', 'fcust5pina', 'createdat', 15, 'timestamp without time zone', 'timestamp', 'YES', 'CURRENT_TIMESTAMP')
('dwh_prod', 'fcustmst', 'custno', 1, 'character varying', 'varchar', 'YES', None)
('dwh_prod', 'fcustmst', 'data01', 2, 'character varying', 'varchar', 'YES', None)
('dwh_prod', 'fcustmst', 'custname', 3, 'character varying', 'varchar', 'YES', None)
('dwh_prod', 'fcustmst', 'custadd1', 4, 'character varying', 'varchar', 'YES', None)
('dwh_prod', 'fcustmst', 'custadd2', 5, 'character varying', 'varchar', 'YES', None)
('dwh_prod', 'fcustmst', 'ccity', 6, 'character varying', 'varchar', 'YES', None)
('dwh_prod', 'fcustmst', 'ccontact', 7, 'character varying', 'varchar', 'YES', None)
('dwh_prod', 'fcustmst', 'cphone1', 8, 'character varying', 'varchar', 'YES', None)
('dwh_prod', 'fcustmst', 'cfaxno', 9, 'character varying', 'varchar', 'YES', None)
('dwh_prod', 'fcustmst', 'cterm', 10, 'character varying', 'varchar', 'YES', None)
('dwh_prod', 'fcustmst', 'climit', 11, 'numeric', 'numeric', 'YES', '0')
('dwh_prod', 'fcustmst', 'flaglimit', 12, 'character varying', 'varchar', 'YES', None)
('dwh_prod', 'fcustmst', 'gdisc', 13, 'character varying', 'varchar', 'YES', None)
('dwh_prod', 'fcustmst', 'typeout', 14, 'character varying', 'varchar', 'YES', None)
('dwh_prod', 'fcustmst', 'grupout', 15, 'character varying', 'varchar', 'YES', None)
('dwh_prod', 'fcustmst', 'gharga', 16, 'character varying', 'varchar', 'YES', None)
('dwh_prod', 'fcustmst', 'flagvisit', 17, 'character varying', 'varchar', 'YES', None)
('dwh_prod', 'fcustmst', 'vdisc', 18, 'character varying', 'varchar', 'YES', None)
('dwh_prod', 'fcustmst', 'daycode', 19, 'character varying', 'varchar', 'YES', None)
('dwh_prod', 'fcustmst', 'info1', 20, 'character varying', 'varchar', 'YES', None)
('dwh_prod', 'fcustmst', 'info2', 21, 'character varying', 'varchar', 'YES', None)
('dwh_prod', 'fcustmst', 'flagpay', 22, 'character varying', 'varchar', 'YES', None)
('dwh_prod', 'fcustmst', 'flagout', 23, 'character varying', 'varchar', 'YES', None)
('dwh_prod', 'fcustmst', 'rpp', 24, 'numeric', 'numeric', 'YES', None)
('dwh_prod', 'fcustmst', 'lsales', 25, 'numeric', 'numeric', 'YES', '0')
('dwh_prod', 'fcustmst', 'visit1', 26, 'character varying', 'varchar', 'YES', None)
('dwh_prod', 'fcustmst', 'visit2', 27, 'character varying', 'varchar', 'YES', None)
('dwh_prod', 'fcustmst', 'visit3', 28, 'character varying', 'varchar', 'YES', None)
('dwh_prod', 'fcustmst', 'visit4', 29, 'character varying', 'varchar', 'YES', None)
('dwh_prod', 'fcustmst', 'ldatetrs', 30, 'character varying', 'varchar', 'YES', None)
('dwh_prod', 'fcustmst', 'lokasi', 31, 'character varying', 'varchar', 'YES', None)
('dwh_prod', 'fcustmst', 'distrik', 32, 'character varying', 'varchar', 'YES', None)
('dwh_prod', 'fcustmst', 'beat', 33, 'character varying', 'varchar', 'YES', None)
('dwh_prod', 'fcustmst', 'subbeat', 34, 'character varying', 'varchar', 'YES', None)
('dwh_prod', 'fcustmst', 'klasif', 35, 'character varying', 'varchar', 'YES', None)
('dwh_prod', 'fcustmst', 'kindus', 36, 'character varying', 'varchar', 'YES', None)
('dwh_prod', 'fcustmst', 'kpasar', 37, 'character varying', 'varchar', 'YES', None)
('dwh_prod', 'fcustmst', 'flagcust', 38, 'character varying', 'varchar', 'YES', None)
('dwh_prod', 'fcustmst', 'kodecabang', 39, 'character varying', 'varchar', 'YES', None)
('dwh_prod', 'fcustmst', 'gprccabang', 40, 'character varying', 'varchar', 'YES', None)
('dwh_prod', 'fcustmst', 'la', 41, 'character varying', 'varchar', 'YES', "''::character varying")
('dwh_prod', 'fcustmst', 'lg', 42, 'character varying', 'varchar', 'YES', "''::character varying")
('dwh_prod', 'fcustmst', 'ala', 43, 'character varying', 'varchar', 'YES', None)
('dwh_prod', 'fcustmst', 'alg', 44, 'character varying', 'varchar', 'YES', None)
('dwh_prod', 'fcustmst', 'xla', 45, 'character varying', 'varchar', 'YES', None)
('dwh_prod', 'fcustmst', 'xlg', 46, 'character varying', 'varchar', 'YES', None)
('dwh_prod', 'fcustmst', 'xala', 47, 'character varying', 'varchar', 'YES', None)
('dwh_prod', 'fcustmst', 'xalg', 48, 'character varying', 'varchar', 'YES', None)
('dwh_prod', 'fcustmst', 'ppn', 49, 'real', 'float4', 'YES', '0')
('dwh_prod', 'fcustmst', 'rt', 50, 'character varying', 'varchar', 'YES', None)
('dwh_prod', 'fcustmst', 'rw', 51, 'character varying', 'varchar', 'YES', None)
('dwh_prod', 'fcustmst', 'jenis_kelamin', 52, 'character varying', 'varchar', 'YES', None)
('dwh_prod', 'fcustmst', 'ttl', 53, 'character varying', 'varchar', 'YES', None)
('dwh_prod', 'fcustmst', 'ktp', 54, 'character varying', 'varchar', 'YES', None)
('dwh_prod', 'fcustmst', 'hp1', 55, 'character varying', 'varchar', 'YES', None)
('dwh_prod', 'fcustmst', 'hp2', 56, 'character varying', 'varchar', 'YES', None)
('dwh_prod', 'fcustmst', 'hp3', 57, 'character varying', 'varchar', 'YES', None)
('dwh_prod', 'fcustmst', 'hp4', 58, 'character varying', 'varchar', 'YES', None)
('dwh_prod', 'fcustmst', 'telp1', 59, 'character varying', 'varchar', 'YES', None)
('dwh_prod', 'fcustmst', 'telp2', 60, 'character varying', 'varchar', 'YES', None)
('dwh_prod', 'fcustmst', 'telp3', 61, 'character varying', 'varchar', 'YES', None)
('dwh_prod', 'fcustmst', 'fax', 62, 'character varying', 'varchar', 'YES', None)
('dwh_prod', 'fcustmst', 'outlet_epm', 63, 'character varying', 'varchar', 'YES', None)
('dwh_prod', 'fcustmst', 'grosir1', 64, 'character varying', 'varchar', 'YES', None)
('dwh_prod', 'fcustmst', 'alamat_grosir1', 65, 'character varying', 'varchar', 'YES', None)
('dwh_prod', 'fcustmst', 'grosir2', 66, 'character varying', 'varchar', 'YES', None)
('dwh_prod', 'fcustmst', 'alamat_grosir2', 67, 'character varying', 'varchar', 'YES', None)
('dwh_prod', 'fcustmst', 'grosir3', 68, 'character varying', 'varchar', 'YES', None)
('dwh_prod', 'fcustmst', 'alamat_grosir3', 69, 'character varying', 'varchar', 'YES', None)
('dwh_prod', 'fcustmst', 'kelurahan', 70, 'character varying', 'varchar', 'YES', None)
('dwh_prod', 'fcustmst', 'kecamatan', 71, 'character varying', 'varchar', 'YES', None)
('dwh_prod', 'fcustmst', 'kabupaten', 72, 'character varying', 'varchar', 'YES', None)
('dwh_prod', 'fcustmst', 'provinsi', 73, 'character varying', 'varchar', 'YES', None)
('dwh_prod', 'fcustmst', 'input_kecamatan', 74, 'character varying', 'varchar', 'YES', None)
('dwh_prod', 'fcustmst', 'input_kabupaten', 75, 'character varying', 'varchar', 'YES', None)
('dwh_prod', 'fcustmst', 'input_provinsi', 76, 'character varying', 'varchar', 'YES', None)
('dwh_prod', 'fcustmst', 'google_kecamatan', 77, 'character varying', 'varchar', 'YES', None)
('dwh_prod', 'fcustmst', 'google_kabupaten', 78, 'character varying', 'varchar', 'YES', None)
('dwh_prod', 'fcustmst', 'google_provinsi', 79, 'character varying', 'varchar', 'YES', None)
('dwh_prod', 'fcustmst', 'agama', 80, 'character varying', 'varchar', 'YES', None)
('dwh_prod', 'fcustmst', 'email', 81, 'character varying', 'varchar', 'YES', None)
('dwh_prod', 'fcustmst', 'sm_name', 82, 'character varying', 'varchar', 'YES', None)
('dwh_prod', 'fcustmst', 'sm_city', 83, 'character varying', 'varchar', 'YES', None)
('dwh_prod', 'fcustmst', 'sm_ttl', 84, 'character varying', 'varchar', 'YES', None)
('dwh_prod', 'fcustmst', 'sm_ktp', 85, 'character varying', 'varchar', 'YES', None)
('dwh_prod', 'fcustmst', 'sm_hp1', 86, 'character varying', 'varchar', 'YES', None)
('dwh_prod', 'fcustmst', 'sm_hp2', 87, 'character varying', 'varchar', 'YES', None)
('dwh_prod', 'fcustmst', 'sm_telp1', 88, 'character varying', 'varchar', 'YES', None)
('dwh_prod', 'fcustmst', 'sm_telp2', 89, 'character varying', 'varchar', 'YES', None)
('dwh_prod', 'fcustmst', 'sm_fax', 90, 'character varying', 'varchar', 'YES', None)
('dwh_prod', 'fcustmst', 'sm_agama', 91, 'character varying', 'varchar', 'YES', None)
('dwh_prod', 'fcustmst', 'sm_email', 92, 'character varying', 'varchar', 'YES', None)
('dwh_prod', 'fcustmst', 'sm_jenis_kelamin', 93, 'character varying', 'varchar', 'YES', None)
('dwh_prod', 'fcustmst', 'flag_input', 94, 'character varying', 'varchar', 'YES', None)
('dwh_prod', 'fcustmst', 'custno_erp', 95, 'character varying', 'varchar', 'YES', None)
('dwh_prod', 'fcustmst', 'order_type', 96, 'character varying', 'varchar', 'YES', None)
('dwh_prod', 'fcustmst', 'operating_unit', 97, 'character varying', 'varchar', 'YES', None)
('dwh_prod', 'fcustmst', 'pic_t', 98, 'character varying', 'varchar', 'YES', None)
('dwh_prod', 'fcustmst', 'pic_p', 99, 'character varying', 'varchar', 'YES', None)
('dwh_prod', 'fcustmst', 'pic_sm', 100, 'character varying', 'varchar', 'YES', None)
('dwh_prod', 'fcustmst', 'updatedate', 101, 'timestamp without time zone', 'timestamp', 'YES', None)
('dwh_prod', 'fcustmst', 'updateby', 102, 'character varying', 'varchar', 'YES', None)
('dwh_prod', 'fcustmst', 'bil_code', 103, 'character varying', 'varchar', 'YES', None)
('dwh_prod', 'fcustmst', 'bil_name', 104, 'character varying', 'varchar', 'YES', None)
('dwh_prod', 'fcustmst', 'grade_id', 105, 'double precision', 'float8', 'YES', '0')
('dwh_prod', 'fcustmst', 'incoterms', 106, 'character varying', 'varchar', 'YES', None)
('dwh_prod', 'fcustmst', 'salesorg', 107, 'character varying', 'varchar', 'YES', None)
('dwh_prod', 'fcustmst', 'salesoffice', 108, 'character varying', 'varchar', 'YES', None)
('dwh_prod', 'fcustmst', 'salesgrop', 109, 'character varying', 'varchar', 'YES', None)
('dwh_prod', 'fcustmst', 'ddplant', 110, 'character varying', 'varchar', 'YES', None)
('dwh_prod', 'fcustmst', 'name2', 111, 'character varying', 'varchar', 'YES', None)
('dwh_prod', 'fcustmst', 'name3', 112, 'character varying', 'varchar', 'YES', None)
('dwh_prod', 'fcustmst', 'name4', 113, 'character varying', 'varchar', 'YES', None)
('dwh_prod', 'fcustmst', 'street3', 114, 'character varying', 'varchar', 'YES', None)
('dwh_prod', 'fcustmst', 'state', 115, 'character varying', 'varchar', 'YES', None)
('dwh_prod', 'fcustmst', 'country', 116, 'character varying', 'varchar', 'YES', None)
('dwh_prod', 'fcustmst', 'iws', 117, 'integer', 'int4', 'YES', '0')
('dwh_prod', 'fcustmst', 'sapornoo', 118, 'character varying', 'varchar', 'YES', None)
('dwh_prod', 'fcustmst', 'flag_trx_dbl', 119, 'character varying', 'varchar', 'YES', "'N'::character varying")
('dwh_prod', 'fcustmst', 'flag_get_price_old', 120, 'character varying', 'varchar', 'YES', "'N'::character varying")
('dwh_prod', 'fcustmst', 'flag_beweekly', 121, 'character varying', 'varchar', 'YES', "'N'::character varying")
('dwh_prod', 'fcustmst', 'flag_cash', 122, 'character varying', 'varchar', 'YES', "'N'::character varying")
('dwh_prod', 'fcustmst', 'tax_name', 123, 'character varying', 'varchar', 'YES', None)
('dwh_prod', 'fcustmst', 'tax_address1', 124, 'character varying', 'varchar', 'YES', None)
('dwh_prod', 'fcustmst', 'tax_address2', 125, 'character varying', 'varchar', 'YES', None)
('dwh_prod', 'fcustmst', 'tax_address3', 126, 'character varying', 'varchar', 'YES', None)
('dwh_prod', 'fcustmst', 'tax_address4', 127, 'character varying', 'varchar', 'YES', None)
('dwh_prod', 'fcustmst', 'tax_address5', 128, 'character varying', 'varchar', 'YES', None)
('dwh_prod', 'fcustmst', 'tax_address6', 129, 'character varying', 'varchar', 'YES', None)
('dwh_prod', 'fcustmst', 'tax_phone1', 130, 'character varying', 'varchar', 'YES', None)
('dwh_prod', 'fcustmst', 'tax_type', 131, 'character varying', 'varchar', 'YES', None)
('dwh_prod', 'fcustmst', 'tax_code', 132, 'character varying', 'varchar', 'YES', None)
('dwh_prod', 'fcustmst', 'chanel_code', 133, 'character varying', 'varchar', 'YES', None)
('dwh_prod', 'fcustmst', 'chain_code', 134, 'character varying', 'varchar', 'YES', None)
('dwh_prod', 'fcustmst', 'lorder', 135, 'real', 'float4', 'YES', '0')
('dwh_prod', 'fcustmst', 'flag_copy', 136, 'character varying', 'varchar', 'YES', "'N'::character varying")
('dwh_prod', 'fcustmst', 'out_size', 137, 'character varying', 'varchar', 'YES', None)
('dwh_prod', 'fcustmst', 'out_loc', 138, 'character varying', 'varchar', 'YES', None)
('dwh_prod', 'fcustmst', 'custadd3', 139, 'character varying', 'varchar', 'YES', None)
('dwh_prod', 'fcustmst', 'hsales', 140, 'numeric', 'numeric', 'YES', '0')
('dwh_prod', 'fcustmst', 'flag_perfect', 141, 'character varying', 'varchar', 'YES', None)
('dwh_prod', 'fcustmst', 'flag_nielson', 142, 'character varying', 'varchar', 'YES', "'N'::character varying")
('dwh_prod', 'fcustmst', 'flag_prospek', 143, 'character varying', 'varchar', 'YES', "'N'::character varying")
('dwh_prod', 'fcustmst', 'classid', 144, 'character varying', 'varchar', 'YES', None)
('dwh_prod', 'fcustmst', 'custadd4', 145, 'character varying', 'varchar', 'YES', None)
('dwh_prod', 'fcustmst', 'custno2', 146, 'character varying', 'varchar', 'YES', "''::character varying")
('dwh_prod', 'fcustmst', 'foto_inside', 147, 'character varying', 'varchar', 'YES', None)
('dwh_prod', 'fcustmst', 'owner_fotoktp', 148, 'character varying', 'varchar', 'YES', None)
('dwh_prod', 'fcustmst', 'sm_fotoktp', 149, 'character varying', 'varchar', 'YES', None)
('dwh_prod', 'fcustmst', 'tax_photo', 150, 'character varying', 'varchar', 'YES', None)
('dwh_prod', 'fcustmst', 'provinsi_id', 151, 'character varying', 'varchar', 'YES', None)
('dwh_prod', 'fcustmst', 'kabupaten_id', 152, 'character varying', 'varchar', 'YES', None)
('dwh_prod', 'fcustmst', 'kelurahan_id', 153, 'character varying', 'varchar', 'YES', None)
('dwh_prod', 'fcustmst', 'kecamatan_id', 154, 'character varying', 'varchar', 'YES', None)
('dwh_prod', 'fcustmst', 'flag_pkp', 155, 'character varying', 'varchar', 'YES', None)
('dwh_prod', 'fcustmst', 'last_visit', 156, 'character varying', 'varchar', 'YES', "''::character varying")
('dwh_prod', 'fcustmst', 'kategori', 157, 'character varying', 'varchar', 'YES', "''::character varying")
('dwh_prod', 'fcustmst', 'type_bangunan', 158, 'character varying', 'varchar', 'YES', "''::character varying")
('dwh_prod', 'fcustmst', 'type_jalan', 159, 'character varying', 'varchar', 'YES', "''::character varying")
('dwh_prod', 'fcustmst', 'sts_kepemilikan', 160, 'character varying', 'varchar', 'YES', "''::character varying")
('dwh_prod', 'fcustmst', 'jam_buka', 161, 'character varying', 'varchar', 'YES', "''::character varying")
('dwh_prod', 'fcustmst', 'jam_tutup', 162, 'character varying', 'varchar', 'YES', "''::character varying")
('dwh_prod', 'fcustmst', 'patokan_kirim', 163, 'character varying', 'varchar', 'YES', "''::character varying")
('dwh_prod', 'fcustmst', 'sm_last_name', 164, 'character varying', 'varchar', 'YES', "''::character varying")
('dwh_prod', 'fcustmst', 'alamat_kirim', 165, 'character varying', 'varchar', 'YES', "''::character varying")
('dwh_prod', 'fcustmst', 'owner_lastname', 166, 'character varying', 'varchar', 'YES', "''::character varying")
('dwh_prod', 'fcustmst', 'outlet_pos', 167, 'character varying', 'varchar', 'YES', "''::character varying")
('dwh_prod', 'fcustmst', 'receiving_time', 168, 'character varying', 'varchar', 'YES', None)
('dwh_prod', 'fcustmst', 'rpp_qty', 169, 'integer', 'int4', 'YES', None)
('dwh_prod', 'fcustmst', 'flag_potential', 170, 'character varying', 'varchar', 'YES', 'NULL::character varying')
('dwh_prod', 'fcustmst', 'jobs_name', 171, 'character varying', 'varchar', 'YES', None)
('dwh_prod', 'fcustmst_dist', 'distid', 1, 'character varying', 'varchar', 'YES', None)
('dwh_prod', 'fcustmst_dist', 'branch', 2, 'character varying', 'varchar', 'YES', None)
('dwh_prod', 'fcustmst_dist', 'custno', 3, 'character varying', 'varchar', 'YES', None)
('dwh_prod', 'fcustmst_dist', 'custname', 4, 'character varying', 'varchar', 'YES', None)
('dwh_prod', 'fcustmst_dist', 'createby', 5, 'character varying', 'varchar', 'YES', None)
('dwh_prod', 'fcustmst_dist', 'updateby', 6, 'character varying', 'varchar', 'YES', None)
('dwh_prod', 'fcustmst_dist', 'createdate', 7, 'timestamp without time zone', 'timestamp', 'YES', 'CURRENT_TIMESTAMP')
('dwh_prod', 'fcustmst_dist', 'updatedate', 8, 'timestamp without time zone', 'timestamp', 'YES', 'CURRENT_TIMESTAMP')
('dwh_prod', 'fcustmst_dist', 'jobs_name', 9, 'character varying', 'varchar', 'YES', None)
('dwh_prod', 'fcustmst_dist_map', 'distid', 1, 'character varying', 'varchar', 'YES', None)
('dwh_prod', 'fcustmst_dist_map', 'branch_dist', 2, 'character varying', 'varchar', 'YES', None)
('dwh_prod', 'fcustmst_dist_map', 'custno_dist', 3, 'character varying', 'varchar', 'YES', None)
('dwh_prod', 'fcustmst_dist_map', 'branch', 4, 'character varying', 'varchar', 'YES', None)
('dwh_prod', 'fcustmst_dist_map', 'custno', 5, 'character varying', 'varchar', 'YES', None)
('dwh_prod', 'fcustmst_dist_map', 'updated_at', 6, 'timestamp without time zone', 'timestamp', 'YES', None)
('dwh_prod', 'fcustmst_dist_map', 'updated_by', 7, 'character varying', 'varchar', 'YES', None)
('dwh_prod', 'fcustmstnew', 'slsno', 1, 'character varying', 'varchar', 'YES', None)
('dwh_prod', 'fcustmstnew', 'custno', 2, 'character varying', 'varchar', 'YES', None)
('dwh_prod', 'fcustmstnew', 'data01', 3, 'character varying', 'varchar', 'YES', None)
('dwh_prod', 'fcustmstnew', 'custname', 4, 'character varying', 'varchar', 'YES', None)
('dwh_prod', 'fcustmstnew', 'custadd1', 5, 'character varying', 'varchar', 'YES', None)
('dwh_prod', 'fcustmstnew', 'custadd2', 6, 'character varying', 'varchar', 'YES', None)
('dwh_prod', 'fcustmstnew', 'ccity', 7, 'character varying', 'varchar', 'YES', None)
('dwh_prod', 'fcustmstnew', 'ccontact', 8, 'character varying', 'varchar', 'YES', None)
('dwh_prod', 'fcustmstnew', 'cphone1', 9, 'character varying', 'varchar', 'YES', None)
('dwh_prod', 'fcustmstnew', 'cfaxno', 10, 'character varying', 'varchar', 'YES', None)
('dwh_prod', 'fcustmstnew', 'cterm', 11, 'character varying', 'varchar', 'YES', None)
('dwh_prod', 'fcustmstnew', 'climit', 12, 'integer', 'int4', 'YES', None)
('dwh_prod', 'fcustmstnew', 'flaglimit', 13, 'character varying', 'varchar', 'YES', None)
('dwh_prod', 'fcustmstnew', 'gdisc', 14, 'character varying', 'varchar', 'YES', None)
('dwh_prod', 'fcustmstnew', 'typeout', 15, 'character varying', 'varchar', 'YES', None)
('dwh_prod', 'fcustmstnew', 'grupout', 16, 'character varying', 'varchar', 'YES', None)
('dwh_prod', 'fcustmstnew', 'gharga', 17, 'character varying', 'varchar', 'YES', None)
('dwh_prod', 'fcustmstnew', 'flagvisit', 18, 'character varying', 'varchar', 'YES', None)
('dwh_prod', 'fcustmstnew', 'vdisc', 19, 'character varying', 'varchar', 'YES', None)
('dwh_prod', 'fcustmstnew', 'daycode', 20, 'character varying', 'varchar', 'YES', None)
('dwh_prod', 'fcustmstnew', 'info1', 21, 'character varying', 'varchar', 'YES', None)
('dwh_prod', 'fcustmstnew', 'info2', 22, 'character varying', 'varchar', 'YES', None)
('dwh_prod', 'fcustmstnew', 'flagpay', 23, 'character varying', 'varchar', 'YES', None)
('dwh_prod', 'fcustmstnew', 'flagout', 24, 'character varying', 'varchar', 'YES', None)
('dwh_prod', 'fcustmstnew', 'rpp', 25, 'numeric', 'numeric', 'YES', None)
('dwh_prod', 'fcustmstnew', 'lsales', 26, 'numeric', 'numeric', 'YES', None)
('dwh_prod', 'fcustmstnew', 'visit1', 27, 'character varying', 'varchar', 'YES', None)
('dwh_prod', 'fcustmstnew', 'visit2', 28, 'character varying', 'varchar', 'YES', None)
('dwh_prod', 'fcustmstnew', 'visit3', 29, 'character varying', 'varchar', 'YES', None)
('dwh_prod', 'fcustmstnew', 'visit4', 30, 'character varying', 'varchar', 'YES', None)
('dwh_prod', 'fcustmstnew', 'ldatetrs', 31, 'timestamp without time zone', 'timestamp', 'YES', None)
('dwh_prod', 'fcustmstnew', 'lokasi', 32, 'character varying', 'varchar', 'YES', None)
('dwh_prod', 'fcustmstnew', 'distrik', 33, 'character varying', 'varchar', 'YES', None)
('dwh_prod', 'fcustmstnew', 'beat', 34, 'character varying', 'varchar', 'YES', None)
('dwh_prod', 'fcustmstnew', 'subbeat', 35, 'character varying', 'varchar', 'YES', None)
('dwh_prod', 'fcustmstnew', 'klasif', 36, 'character varying', 'varchar', 'YES', None)
('dwh_prod', 'fcustmstnew', 'kindus', 37, 'character varying', 'varchar', 'YES', None)
('dwh_prod', 'fcustmstnew', 'kpasar', 38, 'character varying', 'varchar', 'YES', None)
('dwh_prod', 'fcustmstnew', 'flagcust', 39, 'character varying', 'varchar', 'YES', None)
('dwh_prod', 'fcustmstnew', 'tgl', 40, 'character varying', 'varchar', 'YES', None)
('dwh_prod', 'fcustmstnew', 'kodecabang', 41, 'character varying', 'varchar', 'YES', None)
('dwh_prod', 'fcustmstnew', 'rt', 42, 'character varying', 'varchar', 'YES', None)
('dwh_prod', 'fcustmstnew', 'rw', 43, 'character varying', 'varchar', 'YES', None)
('dwh_prod', 'fcustmstnew', 'jenis_kelamin', 44, 'character varying', 'varchar', 'YES', None)
('dwh_prod', 'fcustmstnew', 'ttl', 45, 'character varying', 'varchar', 'YES', None)
('dwh_prod', 'fcustmstnew', 'ktp', 46, 'character varying', 'varchar', 'YES', None)
('dwh_prod', 'fcustmstnew', 'hp1', 47, 'character varying', 'varchar', 'YES', None)
('dwh_prod', 'fcustmstnew', 'hp2', 48, 'character varying', 'varchar', 'YES', None)
('dwh_prod', 'fcustmstnew', 'hp3', 49, 'character varying', 'varchar', 'YES', None)
('dwh_prod', 'fcustmstnew', 'hp4', 50, 'character varying', 'varchar', 'YES', None)
('dwh_prod', 'fcustmstnew', 'telp1', 51, 'character varying', 'varchar', 'YES', None)
('dwh_prod', 'fcustmstnew', 'telp2', 52, 'character varying', 'varchar', 'YES', None)
('dwh_prod', 'fcustmstnew', 'telp3', 53, 'character varying', 'varchar', 'YES', None)
('dwh_prod', 'fcustmstnew', 'fax', 54, 'character varying', 'varchar', 'YES', None)
('dwh_prod', 'fcustmstnew', 'outlet_epm', 55, 'character varying', 'varchar', 'YES', None)
('dwh_prod', 'fcustmstnew', 'grosir1', 56, 'character varying', 'varchar', 'YES', None)
('dwh_prod', 'fcustmstnew', 'alamat_grosir1', 57, 'character varying', 'varchar', 'YES', None)
('dwh_prod', 'fcustmstnew', 'grosir2', 58, 'character varying', 'varchar', 'YES', None)
('dwh_prod', 'fcustmstnew', 'alamat_grosir2', 59, 'character varying', 'varchar', 'YES', None)
('dwh_prod', 'fcustmstnew', 'grosir3', 60, 'character varying', 'varchar', 'YES', None)
('dwh_prod', 'fcustmstnew', 'alamat_grosir3', 61, 'character varying', 'varchar', 'YES', None)
('dwh_prod', 'fcustmstnew', 'kelurahan', 62, 'character varying', 'varchar', 'YES', None)
('dwh_prod', 'fcustmstnew', 'kecamatan', 63, 'character varying', 'varchar', 'YES', None)
('dwh_prod', 'fcustmstnew', 'kabupaten', 64, 'character varying', 'varchar', 'YES', None)
('dwh_prod', 'fcustmstnew', 'provinsi', 65, 'character varying', 'varchar', 'YES', None)
('dwh_prod', 'fcustmstnew', 'agama', 66, 'character varying', 'varchar', 'YES', None)
('dwh_prod', 'fcustmstnew', 'email', 67, 'character varying', 'varchar', 'YES', None)
('dwh_prod', 'fcustmstnew', 'sm_name', 68, 'character varying', 'varchar', 'YES', None)
('dwh_prod', 'fcustmstnew', 'sm_city', 69, 'character varying', 'varchar', 'YES', None)
('dwh_prod', 'fcustmstnew', 'sm_ttl', 70, 'character varying', 'varchar', 'YES', None)
('dwh_prod', 'fcustmstnew', 'sm_ktp', 71, 'character varying', 'varchar', 'YES', None)
('dwh_prod', 'fcustmstnew', 'sm_hp1', 72, 'character varying', 'varchar', 'YES', None)
('dwh_prod', 'fcustmstnew', 'sm_hp2', 73, 'character varying', 'varchar', 'YES', None)
('dwh_prod', 'fcustmstnew', 'sm_telp1', 74, 'character varying', 'varchar', 'YES', None)
('dwh_prod', 'fcustmstnew', 'sm_telp2', 75, 'character varying', 'varchar', 'YES', None)
('dwh_prod', 'fcustmstnew', 'sm_fax', 76, 'character varying', 'varchar', 'YES', None)
('dwh_prod', 'fcustmstnew', 'sm_agama', 77, 'character varying', 'varchar', 'YES', None)
('dwh_prod', 'fcustmstnew', 'sm_email', 78, 'character varying', 'varchar', 'YES', None)
('dwh_prod', 'fcustmstnew', 'sm_jenis_kelamin', 79, 'character varying', 'varchar', 'YES', None)
('dwh_prod', 'fcustmstnew', 'flag_input', 80, 'character varying', 'varchar', 'YES', None)
('dwh_prod', 'fcustmstnew', 'custno_erp', 81, 'character varying', 'varchar', 'YES', None)
('dwh_prod', 'fcustmstnew', 'custno_input', 82, 'character varying', 'varchar', 'YES', None)
('dwh_prod', 'fcustmstnew', 'updatedate', 83, 'timestamp without time zone', 'timestamp', 'YES', None)
('dwh_prod', 'fcustmstnew', 'updateby', 84, 'character varying', 'varchar', 'YES', None)
('dwh_prod', 'fcustmstnew', 'foto_t', 85, 'character varying', 'varchar', 'YES', None)
('dwh_prod', 'fcustmstnew', 'foto_p', 86, 'character varying', 'varchar', 'YES', None)
('dwh_prod', 'fcustmstnew', 'foto_sm', 87, 'character varying', 'varchar', 'YES', None)
('dwh_prod', 'fcustmstnew', 'foto_go', 88, 'character varying', 'varchar', 'YES', None)
('dwh_prod', 'fcustmstnew', 'divisi', 89, 'character varying', 'varchar', 'YES', None)
('dwh_prod', 'fcustmstnew', 'titel', 90, 'character varying', 'varchar', 'YES', None)
('dwh_prod', 'fcustmstnew', 'r_acc', 91, 'character varying', 'varchar', 'YES', None)
('dwh_prod', 'fcustmstnew', 'sls_group', 92, 'character varying', 'varchar', 'YES', None)
('dwh_prod', 'fcustmstnew', 'out_size', 93, 'character varying', 'varchar', 'YES', None)
('dwh_prod', 'fcustmstnew', 'out_loc', 94, 'character varying', 'varchar', 'YES', None)
('dwh_prod', 'fcustmstnew', 'exp_flag', 95, 'character varying', 'varchar', 'YES', "'N'::character varying")
('dwh_prod', 'fcustmstnew', 'exp_dt', 96, 'timestamp without time zone', 'timestamp', 'YES', None)
('dwh_prod', 'fcustmstnew', 'foto_stamp', 97, 'character varying', 'varchar', 'YES', None)
('dwh_prod', 'fcustmstnew', 'sika_number', 98, 'character varying', 'varchar', 'YES', None)
('dwh_prod', 'fcustmstnew', 'sika_exp', 99, 'character varying', 'varchar', 'YES', None)
('dwh_prod', 'fcustmstnew', 'sipa_number', 100, 'character varying', 'varchar', 'YES', None)
('dwh_prod', 'fcustmstnew', 'sipa_exp', 101, 'character varying', 'varchar', 'YES', None)
('dwh_prod', 'fcustmstnew', 'siup_number', 102, 'character varying', 'varchar', 'YES', None)
('dwh_prod', 'fcustmstnew', 'siup_exp', 103, 'character varying', 'varchar', 'YES', None)
('dwh_prod', 'fcustmstnew', 'akte_pendirian', 104, 'character varying', 'varchar', 'YES', None)
('dwh_prod', 'fcustmstnew', 'akte_perubahan', 105, 'character varying', 'varchar', 'YES', None)
('dwh_prod', 'fcustmstnew', 'izinsarana_no1', 106, 'character varying', 'varchar', 'YES', None)
('dwh_prod', 'fcustmstnew', 'izinsarana_exp1', 107, 'character varying', 'varchar', 'YES', None)
('dwh_prod', 'fcustmstnew', 'izinsarana_no2', 108, 'character varying', 'varchar', 'YES', None)
('dwh_prod', 'fcustmstnew', 'izinsarana_exp2', 109, 'character varying', 'varchar', 'YES', None)
('dwh_prod', 'fcustmstnew', 'provinsi_id', 110, 'character varying', 'varchar', 'YES', None)
('dwh_prod', 'fcustmstnew', 'kabupaten_id', 111, 'character varying', 'varchar', 'YES', None)
('dwh_prod', 'fcustmstnew', 'kecamatan_id', 112, 'character varying', 'varchar', 'YES', None)
('dwh_prod', 'fcustmstnew', 'kelurahan_id', 113, 'character varying', 'varchar', 'YES', None)
('dwh_prod', 'fcustmstnew', 'tax_type', 114, 'character varying', 'varchar', 'YES', None)
('dwh_prod', 'fcustmstnew', 'la', 115, 'character varying', 'varchar', 'YES', None)
('dwh_prod', 'fcustmstnew', 'lg', 116, 'character varying', 'varchar', 'YES', None)
('dwh_prod', 'fcustmstnew', 'tax_address1', 117, 'character varying', 'varchar', 'YES', None)
('dwh_prod', 'fcustmstnew', 'tax_address2', 118, 'character varying', 'varchar', 'YES', None)
('dwh_prod', 'fcustmstnew', 'tax_code', 119, 'character varying', 'varchar', 'YES', None)
('dwh_prod', 'fcustmstnew', 'tax_name', 120, 'character varying', 'varchar', 'YES', None)
('dwh_prod', 'fcustmstnew', 'lastdatetrs', 121, 'character varying', 'varchar', 'YES', None)
('dwh_prod', 'fcustmstnew', 'flag_beweekly', 122, 'character varying', 'varchar', 'YES', None)
('dwh_prod', 'fcustmstnew', 'flag_cash', 123, 'character varying', 'varchar', 'YES', None)
('dwh_prod', 'fcustmstnew', 'flag_get_price_old', 124, 'character varying', 'varchar', 'YES', None)
('dwh_prod', 'fcustmstnew', 'flag_nielsen', 125, 'character varying', 'varchar', 'YES', None)
('dwh_prod', 'fcustmstnew', 'flag_perfect', 126, 'character varying', 'varchar', 'YES', None)
('dwh_prod', 'fcustmstnew', 'flag_prospek', 127, 'character varying', 'varchar', 'YES', None)
('dwh_prod', 'fcustmstnew', 'flag_trx_dbl', 128, 'character varying', 'varchar', 'YES', None)
('dwh_prod', 'fcustmstnew', 'gprccabang', 129, 'character varying', 'varchar', 'YES', None)
('dwh_prod', 'fcustmstnew', 'grade_id', 130, 'double precision', 'float8', 'YES', None)
('dwh_prod', 'fcustmstnew', 'lorder', 131, 'double precision', 'float8', 'YES', None)
('dwh_prod', 'fcustmstnew', 'channel_code', 132, 'character varying', 'varchar', 'YES', None)
('dwh_prod', 'fcustmstnew', 'bil_name', 133, 'character varying', 'varchar', 'YES', None)
('dwh_prod', 'fcustmstnew', 'iws', 134, 'integer', 'int4', 'YES', None)
('dwh_prod', 'fcustmstnew', 'flag_interface', 135, 'character varying', 'varchar', 'YES', None)
('dwh_prod', 'fcustmstnew', 'foto_inside', 136, 'character varying', 'varchar', 'YES', None)
('dwh_prod', 'fcustmstnew', 'owner_fotoktp', 137, 'character varying', 'varchar', 'YES', None)
('dwh_prod', 'fcustmstnew', 'sm_fotoktp', 138, 'character varying', 'varchar', 'YES', None)
('dwh_prod', 'fcustmstnew', 'tax_photo', 139, 'character varying', 'varchar', 'YES', None)
('dwh_prod', 'fcustmstnew', 'custadd3', 140, 'character varying', 'varchar', 'YES', None)
('dwh_prod', 'fcustmstnew', 'custadd4', 141, 'character varying', 'varchar', 'YES', None)
('dwh_prod', 'fcustmstnew', 'title_name', 142, 'character varying', 'varchar', 'YES', None)
('dwh_prod', 'fcustmstnew', 'uraian_po1', 143, 'character varying', 'varchar', 'YES', None)
('dwh_prod', 'fcustmstnew', 'uraian_po2', 144, 'character varying', 'varchar', 'YES', None)
('dwh_prod', 'fcustmstnew', 'uraian_po3', 145, 'character varying', 'varchar', 'YES', None)
('dwh_prod', 'fcustmstnew', 'cm_cust_type_2', 146, 'character varying', 'varchar', 'YES', None)
('dwh_prod', 'fcustmstnew', 'cm_cust_type_3', 147, 'character varying', 'varchar', 'YES', None)
('dwh_prod', 'fcustmstnew', 'cm_cust_type_4', 148, 'character varying', 'varchar', 'YES', None)
('dwh_prod', 'fcustmstnew', 'cm_cust_type_5', 149, 'character varying', 'varchar', 'YES', None)
('dwh_prod', 'fcustmstnew', 'receiving_time', 150, 'character varying', 'varchar', 'YES', None)
('dwh_prod', 'fcustmstnew', 'hari_tagih', 151, 'character varying', 'varchar', 'YES', None)
('dwh_prod', 'fcustmstnew', 'cm_one_bill', 152, 'character varying', 'varchar', 'YES', None)
('dwh_prod', 'fcustmstnew', 'flag_pkp', 153, 'character varying', 'varchar', 'YES', None)
('dwh_prod', 'fcustmstnew', 'pkp_no', 154, 'character varying', 'varchar', 'YES', None)
('dwh_prod', 'fcustmstnew', 'pkp_date', 155, 'character varying', 'varchar', 'YES', None)
('dwh_prod', 'fcustmstnew', 'foto_pkp', 156, 'character varying', 'varchar', 'YES', None)
('dwh_prod', 'fcustmstnew', 'owner_title', 157, 'character varying', 'varchar', 'YES', None)
('dwh_prod', 'fcustmstnew', 'owner_sig', 158, 'character varying', 'varchar', 'YES', None)
('dwh_prod', 'fcustmstnew', 'sm_title', 159, 'character varying', 'varchar', 'YES', None)
('dwh_prod', 'fcustmstnew', 'sm_sig', 160, 'character varying', 'varchar', 'YES', None)
('dwh_prod', 'fcustmstnew', 'bil_to', 161, 'character varying', 'varchar', 'YES', None)
('dwh_prod', 'fcustmstnew', 'ls', 162, 'double precision', 'float8', 'YES', None)
('dwh_prod', 'fcustmstnew', 'flag_bday', 163, 'character varying', 'varchar', 'YES', None)
('dwh_prod', 'fcustmstnew', 'uniq_custno', 164, 'character varying', 'varchar', 'YES', None)
('dwh_prod', 'fcustmstnew', 'team', 165, 'character varying', 'varchar', 'YES', None)
('dwh_prod', 'fcustmstnew', 'flag_merge', 166, 'character varying', 'varchar', 'YES', None)
('dwh_prod', 'fcustmstnew', 'flag_calc', 167, 'character varying', 'varchar', 'YES', None)
('dwh_prod', 'fcustmstnew', 'reason_reject', 168, 'character varying', 'varchar', 'YES', None)
('dwh_prod', 'fcustmstnew', 'type_bangunan', 169, 'character varying', 'varchar', 'YES', "''::character varying")
('dwh_prod', 'fcustmstnew', 'type_jalan', 170, 'character varying', 'varchar', 'YES', "''::character varying")
('dwh_prod', 'fcustmstnew', 'sts_kepemilikan', 171, 'character varying', 'varchar', 'YES', "''::character varying")
('dwh_prod', 'fcustmstnew', 'jam_buka', 172, 'character varying', 'varchar', 'YES', "''::character varying")
('dwh_prod', 'fcustmstnew', 'jam_tutup', 173, 'character varying', 'varchar', 'YES', "''::character varying")
('dwh_prod', 'fcustmstnew', 'patokan_kirim', 174, 'character varying', 'varchar', 'YES', "''::character varying")
('dwh_prod', 'fcustmstnew', 'sm_last_name', 175, 'character varying', 'varchar', 'YES', "''::character varying")
('dwh_prod', 'fcustmstnew', 'alamat_kirim', 176, 'character varying', 'varchar', 'YES', "''::character varying")
('dwh_prod', 'fcustmstnew', 'owner_lastname', 177, 'character varying', 'varchar', 'YES', "''::character varying")
('dwh_prod', 'fcustmstnew', 'outlet_pos', 178, 'character varying', 'varchar', 'YES', "''::character varying")
('dwh_prod', 'fcustmstnew', 'npwp', 179, 'character varying', 'varchar', 'YES', None)
('dwh_prod', 'fcustmstnew', 'siup', 180, 'character varying', 'varchar', 'YES', None)
('dwh_prod', 'fcustmstnew', 'market_sector', 181, 'character varying', 'varchar', 'YES', None)
('dwh_prod', 'fcustmstnew', 'project_name', 182, 'character varying', 'varchar', 'YES', None)
('dwh_prod', 'fcustmstnew', 'project_loc', 183, 'character varying', 'varchar', 'YES', None)
('dwh_prod', 'fcustmstnew', 'place_of_visit', 184, 'character varying', 'varchar', 'YES', None)
('dwh_prod', 'fcustmstnew', 'customer_status', 185, 'character varying', 'varchar', 'YES', None)
('dwh_prod', 'fcustmstnew', 'call_status', 186, 'character varying', 'varchar', 'YES', None)
('dwh_prod', 'fcustmstnew', 'segment', 187, 'character varying', 'varchar', 'YES', None)
('dwh_prod', 'fcustmstnew', 'master_axle', 188, 'character varying', 'varchar', 'YES', None)
('dwh_prod', 'fcustmstnew', 'sm_name2', 189, 'character varying', 'varchar', 'YES', None)
('dwh_prod', 'fcustmstnew', 'sm_position1', 190, 'character varying', 'varchar', 'YES', None)
('dwh_prod', 'fcustmstnew', 'sm_position2', 191, 'character varying', 'varchar', 'YES', None)
('dwh_prod', 'fcustmstnew', 'sm_age1', 192, 'character varying', 'varchar', 'YES', None)
('dwh_prod', 'fcustmstnew', 'sm_age2', 193, 'character varying', 'varchar', 'YES', None)
('dwh_prod', 'fcustmstnew', 'project_manager', 194, 'character varying', 'varchar', 'YES', None)
('dwh_prod', 'fcustmstnew', 'pemilik_lahan', 195, 'character varying', 'varchar', 'YES', None)
('dwh_prod', 'fcustmstnew', 'izinkp', 196, 'character varying', 'varchar', 'YES', None)
('dwh_prod', 'fcustmstnew', 'loc_site', 197, 'character varying', 'varchar', 'YES', None)
('dwh_prod', 'fcustmstnew', 'luas_lahan', 198, 'character varying', 'varchar', 'YES', None)
('dwh_prod', 'fcustmstnew', 'kalori_batu', 199, 'character varying', 'varchar', 'YES', None)
('dwh_prod', 'fcustmstnew', 'jarak', 200, 'character varying', 'varchar', 'YES', None)
('dwh_prod', 'fcustmstnew', 'capacity', 201, 'character varying', 'varchar', 'YES', None)
('dwh_prod', 'fcustmstnew', 'type_production', 202, 'character varying', 'varchar', 'YES', None)
('dwh_prod', 'fcustmstnew', 'ob', 203, 'character varying', 'varchar', 'YES', None)
('dwh_prod', 'fcustmstnew', 'jarak_hauling', 204, 'character varying', 'varchar', 'YES', None)
('dwh_prod', 'fcustmstnew', 'jarak_ob', 205, 'character varying', 'varchar', 'YES', None)
('dwh_prod', 'fcustmstnew', 'lebar_jalan', 206, 'character varying', 'varchar', 'YES', None)
('dwh_prod', 'fcustmstnew', 'lebar_j', 207, 'character varying', 'varchar', 'YES', None)
('dwh_prod', 'fcustmstnew', 'tekstur_jalan', 208, 'character varying', 'varchar', 'YES', None)
('dwh_prod', 'fcustmstnew', 'photo_pic', 209, 'character varying', 'varchar', 'YES', None)
('dwh_prod', 'fcustmstnew', 'sm_email2', 210, 'character varying', 'varchar', 'YES', None)
('dwh_prod', 'fcustmstnew', 'master_type', 211, 'character varying', 'varchar', 'YES', None)
('dwh_prod', 'fcustmstnew', 'status_lahan', 212, 'character varying', 'varchar', 'YES', None)
('dwh_prod', 'fcustmstnew', 'nama_project', 213, 'character varying', 'varchar', 'YES', None)
('dwh_prod', 'fcustmstnew', 'location_project', 214, 'character varying', 'varchar', 'YES', None)
('dwh_prod', 'fcustmstnew', 'target_produksi', 215, 'character varying', 'varchar', 'YES', None)
('dwh_prod', 'fcustmstnew', 'ob_project', 216, 'character varying', 'varchar', 'YES', None)
('dwh_prod', 'fcustmstnew', 'type_project', 217, 'character varying', 'varchar', 'YES', None)
('dwh_prod', 'fcustmstnew', 'nama_project2', 218, 'character varying', 'varchar', 'YES', None)
('dwh_prod', 'fcustmstnew', 'location_project2', 219, 'character varying', 'varchar', 'YES', None)
('dwh_prod', 'fcustmstnew', 'target_produksi2', 220, 'character varying', 'varchar', 'YES', None)
('dwh_prod', 'fcustmstnew', 'ob_project2', 221, 'character varying', 'varchar', 'YES', None)
('dwh_prod', 'fcustmstnew', 'type_project2', 222, 'character varying', 'varchar', 'YES', None)
('dwh_prod', 'fcustmstnew', 'remark', 223, 'character varying', 'varchar', 'YES', None)
('dwh_prod', 'fcustmstnew', 'attach', 224, 'character varying', 'varchar', 'YES', None)
('dwh_prod', 'fcustmstnew', 'foto_pm', 225, 'character varying', 'varchar', 'YES', None)
('dwh_prod', 'fcustmstnew', 'foto_ls', 226, 'character varying', 'varchar', 'YES', None)
('dwh_prod', 'fdivision', 'kode', 1, 'character varying', 'varchar', 'NO', "''::character varying")
('dwh_prod', 'fdivision', 'ket', 2, 'character varying', 'varchar', 'YES', "''::character varying")
('dwh_prod', 'fdivision', 'kodedistributor', 3, 'character varying', 'varchar', 'YES', None)
('dwh_prod', 'fgrupout', 'groupout', 1, 'character varying', 'varchar', 'YES', None)
('dwh_prod', 'fgrupout', 'groupname', 2, 'character varying', 'varchar', 'YES', None)
('dwh_prod', 'fgrupout', 'groupoutuci', 3, 'character varying', 'varchar', 'YES', "''::character varying")
('dwh_prod', 'fgrupout', 'kodecabang', 4, 'character varying', 'varchar', 'YES', "''::character varying")
('dwh_prod', 'fgrupout', 'updateby', 5, 'character varying', 'varchar', 'YES', None)
('dwh_prod', 'fgrupout', 'updatedate', 6, 'timestamp without time zone', 'timestamp', 'YES', None)
('dwh_prod', 'fgrupout', 'jobs_name', 7, 'character varying', 'varchar', 'YES', None)
('dwh_prod', 'fmaster', 'pcodeuci', 1, 'character varying', 'varchar', 'YES', "''::character varying")
('dwh_prod', 'fmaster', 'pcode', 2, 'character varying', 'varchar', 'YES', None)
('dwh_prod', 'fmaster', 'data1', 3, 'character varying', 'varchar', 'YES', None)
('dwh_prod', 'fmaster', 'pcodename', 4, 'character varying', 'varchar', 'YES', None)
('dwh_prod', 'fmaster', 'shortname1', 5, 'character varying', 'varchar', 'YES', None)
('dwh_prod', 'fmaster', 'shortname2', 6, 'character varying', 'varchar', 'YES', None)
('dwh_prod', 'fmaster', 'shortname3', 7, 'character varying', 'varchar', 'YES', None)
('dwh_prod', 'fmaster', 'unit1', 8, 'character varying', 'varchar', 'YES', None)
('dwh_prod', 'fmaster', 'unit2', 9, 'character varying', 'varchar', 'YES', None)
('dwh_prod', 'fmaster', 'unit3', 10, 'character varying', 'varchar', 'YES', None)
('dwh_prod', 'fmaster', 'unit4', 11, 'character varying', 'varchar', 'YES', None)
('dwh_prod', 'fmaster', 'unit5', 12, 'character varying', 'varchar', 'YES', None)
('dwh_prod', 'fmaster', 'convunit2', 13, 'integer', 'int4', 'YES', '1')
('dwh_prod', 'fmaster', 'convunit3', 14, 'integer', 'int4', 'YES', '1')
('dwh_prod', 'fmaster', 'convunit4', 15, 'integer', 'int4', 'YES', '1')
('dwh_prod', 'fmaster', 'convunit5', 16, 'integer', 'int4', 'YES', '1')
('dwh_prod', 'fmaster', 'sellprice1', 17, 'numeric', 'numeric', 'YES', '0')
('dwh_prod', 'fmaster', 'sellprice2', 18, 'numeric', 'numeric', 'YES', '0')
('dwh_prod', 'fmaster', 'sellprice3', 19, 'numeric', 'numeric', 'YES', None)
('dwh_prod', 'fmaster', 'sellprice4', 20, 'numeric', 'numeric', 'YES', None)
('dwh_prod', 'fmaster', 'sellprice5', 21, 'numeric', 'numeric', 'YES', None)
('dwh_prod', 'fmaster', 'pbmjual', 22, 'numeric', 'numeric', 'YES', None)
('dwh_prod', 'fmaster', 'stock', 23, 'integer', 'int4', 'YES', None)
('dwh_prod', 'fmaster', 'xstock', 24, 'character varying', 'varchar', 'YES', None)
('dwh_prod', 'fmaster', 'flagfocus', 25, 'character varying', 'varchar', 'YES', None)
('dwh_prod', 'fmaster', 'flagnew', 26, 'character varying', 'varchar', 'YES', None)
('dwh_prod', 'fmaster', 'prlin', 27, 'character varying', 'varchar', 'YES', None)
('dwh_prod', 'fmaster', 'brand', 28, 'character varying', 'varchar', 'YES', None)
('dwh_prod', 'fmaster', 'xtop', 29, 'integer', 'int4', 'YES', None)
('dwh_prod', 'fmaster', 'ppn', 30, 'numeric', 'numeric', 'YES', '1000')
('dwh_prod', 'fmaster', 'ppndp', 31, 'numeric', 'numeric', 'YES', None)
('dwh_prod', 'fmaster', 'flag_aktif', 32, 'character varying', 'varchar', 'YES', None)
('dwh_prod', 'fmaster', 'mg1', 33, 'character varying', 'varchar', 'YES', None)
('dwh_prod', 'fmaster', 'mg2', 34, 'character varying', 'varchar', 'YES', None)
('dwh_prod', 'fmaster', 'mg3', 35, 'character varying', 'varchar', 'YES', None)
('dwh_prod', 'fmaster', 'mg4', 36, 'character varying', 'varchar', 'YES', None)
('dwh_prod', 'fmaster', 'mg5', 37, 'character varying', 'varchar', 'YES', None)
('dwh_prod', 'fmaster', 'mtop', 38, 'real', 'float4', 'YES', '0')
('dwh_prod', 'fmaster', 'flagdisc', 39, 'character varying', 'varchar', 'YES', None)
('dwh_prod', 'fmaster', 'maxdisc', 40, 'real', 'float4', 'YES', '0')
('dwh_prod', 'fmaster', 'updatedate', 41, 'timestamp without time zone', 'timestamp', 'YES', None)
('dwh_prod', 'fmaster', 'updateby', 42, 'character varying', 'varchar', 'YES', None)
('dwh_prod', 'fmaster', 'kodecabang', 43, 'character varying', 'varchar', 'YES', "''::character varying")
('dwh_prod', 'fmaster', 'flag_cvs', 44, 'character varying', 'varchar', 'YES', "'N'::character varying")
('dwh_prod', 'fmaster', 'length', 45, 'double precision', 'float8', 'YES', None)
('dwh_prod', 'fmaster', 'wide', 46, 'double precision', 'float8', 'YES', None)
('dwh_prod', 'fmaster', 'height', 47, 'double precision', 'float8', 'YES', None)
('dwh_prod', 'fmaster', 'volume', 48, 'character varying', 'varchar', 'YES', None)
('dwh_prod', 'fmaster', 'weight', 49, 'double precision', 'float8', 'YES', None)
('dwh_prod', 'fmaster', 'parent_code', 50, 'character varying', 'varchar', 'YES', None)
('dwh_prod', 'fmaster', 'parent_name', 51, 'character varying', 'varchar', 'YES', None)
('dwh_prod', 'fmaster', 'qty_satuan', 52, 'integer', 'int4', 'YES', '1')
('dwh_prod', 'fmaster', 'jenis_satuan', 53, 'character varying', 'varchar', 'YES', None)
('dwh_prod', 'fmaster', 'convunit1', 54, 'integer', 'int4', 'YES', None)
('dwh_prod', 'fmaster', 'startdate_new', 55, 'date', 'date', 'YES', None)
('dwh_prod', 'fmaster', 'enddate_new', 56, 'date', 'date', 'YES', None)
('dwh_prod', 'fmaster', 'tax', 57, 'character varying', 'varchar', 'YES', "'1000'::character varying")
('dwh_prod', 'fmaster', 'class', 58, 'character varying', 'varchar', 'YES', None)
('dwh_prod', 'fmaster', 'category', 59, 'character varying', 'varchar', 'YES', None)
('dwh_prod', 'fmaster', 'extention', 60, 'character varying', 'varchar', 'YES', None)
('dwh_prod', 'fmaster', 'variant', 61, 'character varying', 'varchar', 'YES', None)
('dwh_prod', 'fmaster', 'mg6', 62, 'character varying', 'varchar', 'YES', None)
('dwh_prod', 'fmaster', 'show_focus', 63, 'character varying', 'varchar', 'YES', None)
('dwh_prod', 'fmaster', 'flag_ft', 64, 'character varying', 'varchar', 'YES', None)
('dwh_prod', 'fmaster', 'flag_wajib', 65, 'character varying', 'varchar', 'YES', None)
('dwh_prod', 'fmaster', 'file_new', 66, 'character varying', 'varchar', 'YES', None)
('dwh_prod', 'fmaster', 'ptop', 67, 'character varying', 'varchar', 'YES', None)
('dwh_prod', 'fmaster', 'flag_ppn', 68, 'character varying', 'varchar', 'YES', "'N'::character varying")
('dwh_prod', 'fmaster', 'vendor_code1', 69, 'character varying', 'varchar', 'YES', None)
('dwh_prod', 'fmaster', 'vendor_code2', 70, 'character varying', 'varchar', 'YES', None)
('dwh_prod', 'fmaster', 'uom1_buy', 71, 'character varying', 'varchar', 'YES', None)
('dwh_prod', 'fmaster', 'uom2_buy', 72, 'character varying', 'varchar', 'YES', None)
('dwh_prod', 'fmaster', 'uom3_buy', 73, 'character varying', 'varchar', 'YES', None)
('dwh_prod', 'fmaster', 'uom4_buy', 74, 'character varying', 'varchar', 'YES', None)
('dwh_prod', 'fmaster', 'uom5_buy', 75, 'character varying', 'varchar', 'YES', None)
('dwh_prod', 'fmaster', 'jobs_name', 76, 'character varying', 'varchar', 'YES', None)
('dwh_prod', 'fmsl_h', 'id', 1, 'character varying', 'varchar', 'NO', None)
('dwh_prod', 'fmsl_h', 'DESC', 2, 'character varying', 'varchar', 'YES', None)
('dwh_prod', 'fmsl_h', 'kodecabang', 3, 'character varying', 'varchar', 'YES', None)
('dwh_prod', 'fmsl_h', 'begdate', 4, 'date', 'date', 'NO', None)
('dwh_prod', 'fmsl_h', 'enddate', 5, 'date', 'date', 'NO', None)
('dwh_prod', 'fmsl_h', 'flag_sp', 6, 'character varying', 'varchar', 'YES', None)
('dwh_prod', 'fmsl_h', 'flag_typeout', 7, 'character varying', 'varchar', 'YES', None)
('dwh_prod', 'fmsl_h', 'flag_groupout', 8, 'character varying', 'varchar', 'YES', None)
('dwh_prod', 'fmsl_h', 'flag_cust', 9, 'character varying', 'varchar', 'YES', None)
('dwh_prod', 'fmsl_h', 'flag_chan', 10, 'character varying', 'varchar', 'YES', None)
('dwh_prod', 'fmsl_h', 'flag_class', 11, 'character varying', 'varchar', 'YES', None)
('dwh_prod', 'fmsl_h', 'flag_popup', 12, 'character varying', 'varchar', 'YES', None)
('dwh_prod', 'fmsl_h', 'FILE', 13, 'character varying', 'varchar', 'YES', None)
('dwh_prod', 'fmsl_h', 'create_date', 14, 'timestamp without time zone', 'timestamp', 'YES', None)
('dwh_prod', 'fmsl_h', 'create_by', 15, 'character varying', 'varchar', 'YES', None)
('dwh_prod', 'fmsl_h', 'update_date', 16, 'timestamp without time zone', 'timestamp', 'YES', None)
('dwh_prod', 'fmsl_h', 'update_by', 17, 'character varying', 'varchar', 'YES', None)
('dwh_prod', 'fmsl_h', 'flag_sales', 18, 'character varying', 'varchar', 'YES', None)
('dwh_prod', 'fmsl_h', 'flag_steam', 19, 'character varying', 'varchar', 'YES', None)
('dwh_prod', 'fmsl_h', 'flag_region', 20, 'character varying', 'varchar', 'YES', None)
('dwh_prod', 'fmsl_h', 'flag_entity', 21, 'character varying', 'varchar', 'YES', None)
('dwh_prod', 'fmsl_h', 'reasonby_product', 22, 'character varying', 'varchar', 'NO', "'N'::character varying")
('dwh_prod', 'fmsl_h', 'flag_cat', 23, 'character varying', 'varchar', 'YES', None)
('dwh_prod', 'fmsl_product', 'id', 1, 'character varying', 'varchar', 'NO', None)
('dwh_prod', 'fmsl_product', 'pcode', 2, 'character varying', 'varchar', 'NO', None)
('dwh_prod', 'fmsl_product', 'FILE', 3, 'character varying', 'varchar', 'YES', None)
('dwh_prod', 'fmsl_product', 'kodecabang', 4, 'character varying', 'varchar', 'YES', "''::character varying")
('dwh_prod', 'fmsl_product', 'flag_popup', 5, 'character varying', 'varchar', 'YES', None)
('dwh_prod', 'fmsl_product', 'min_qty', 6, 'bigint', 'int8', 'NO', '0')
('dwh_prod', 'fmsl_product', 'flag_repeat', 7, 'character varying', 'varchar', 'YES', None)
('dwh_prod', 'fmss_h', 'id', 1, 'text', 'text', 'YES', None)
('dwh_prod', 'fmss_h', 'DESC', 2, 'text', 'text', 'YES', None)
('dwh_prod', 'fmss_h', 'kodecabang', 3, 'text', 'text', 'YES', None)
('dwh_prod', 'fmss_h', 'begdate', 4, 'date', 'date', 'YES', None)
('dwh_prod', 'fmss_h', 'enddate', 5, 'date', 'date', 'YES', None)
('dwh_prod', 'fmss_h', 'flag_sp', 6, 'text', 'text', 'YES', None)
('dwh_prod', 'fmss_h', 'flag_typeout', 7, 'text', 'text', 'YES', None)
('dwh_prod', 'fmss_h', 'flag_groupout', 8, 'text', 'text', 'YES', None)
('dwh_prod', 'fmss_h', 'flag_cust', 9, 'text', 'text', 'YES', None)
('dwh_prod', 'fmss_h', 'flag_chan', 10, 'text', 'text', 'YES', None)
('dwh_prod', 'fmss_h', 'flag_class', 11, 'text', 'text', 'YES', None)
('dwh_prod', 'fmss_h', 'flag_popup', 12, 'text', 'text', 'YES', None)
('dwh_prod', 'fmss_h', 'file', 13, 'text', 'text', 'YES', None)
('dwh_prod', 'fmss_h', 'create_date', 14, 'timestamp without time zone', 'timestamp', 'YES', None)
('dwh_prod', 'fmss_h', 'create_by', 15, 'text', 'text', 'YES', None)
('dwh_prod', 'fmss_h', 'update_date', 16, 'timestamp without time zone', 'timestamp', 'YES', None)
('dwh_prod', 'fmss_h', 'update_by', 17, 'text', 'text', 'YES', None)
('dwh_prod', 'fmss_h', 'flag_sales', 18, 'text', 'text', 'YES', None)
('dwh_prod', 'fmss_h', 'flag_steam', 19, 'text', 'text', 'YES', None)
('dwh_prod', 'fmss_h', 'flag_region', 20, 'text', 'text', 'YES', None)
('dwh_prod', 'fmss_h', 'flag_entity', 21, 'text', 'text', 'YES', None)
('dwh_prod', 'fmss_h', 'reasonby_product', 22, 'text', 'text', 'YES', None)
('dwh_prod', 'fmss_product', 'id', 1, 'character varying', 'varchar', 'NO', None)
('dwh_prod', 'fmss_product', 'pcode', 2, 'character varying', 'varchar', 'NO', None)
('dwh_prod', 'fmss_product', 'FILE', 3, 'character varying', 'varchar', 'YES', None)
('dwh_prod', 'fmss_product', 'kodecabang', 4, 'character varying', 'varchar', 'YES', "''::character varying")
('dwh_prod', 'fmss_product', 'flag_popup', 5, 'character varying', 'varchar', 'YES', None)
('dwh_prod', 'fmss_product', 'min_qty', 6, 'bigint', 'int8', 'NO', '0')
('dwh_prod', 'fnpd_h', 'id', 1, 'character varying', 'varchar', 'NO', None)
('dwh_prod', 'fnpd_h', 'DESC', 2, 'character varying', 'varchar', 'YES', None)
('dwh_prod', 'fnpd_h', 'kodecabang', 3, 'character varying', 'varchar', 'YES', None)
('dwh_prod', 'fnpd_h', 'begdate', 4, 'character varying', 'varchar', 'NO', None)
('dwh_prod', 'fnpd_h', 'enddate', 5, 'character varying', 'varchar', 'NO', None)
('dwh_prod', 'fnpd_h', 'flag_sp', 6, 'character varying', 'varchar', 'YES', None)
('dwh_prod', 'fnpd_h', 'flag_typeout', 7, 'character varying', 'varchar', 'YES', None)
('dwh_prod', 'fnpd_h', 'flag_groupout', 8, 'character varying', 'varchar', 'YES', None)
('dwh_prod', 'fnpd_h', 'flag_cust', 9, 'character varying', 'varchar', 'YES', None)
('dwh_prod', 'fnpd_h', 'flag_chan', 10, 'character varying', 'varchar', 'YES', None)
('dwh_prod', 'fnpd_h', 'flag_class', 11, 'character varying', 'varchar', 'YES', None)
('dwh_prod', 'fnpd_h', 'flag_popup', 12, 'character varying', 'varchar', 'YES', None)
('dwh_prod', 'fnpd_h', 'FILE', 13, 'character varying', 'varchar', 'YES', None)
('dwh_prod', 'fnpd_h', 'create_date', 14, 'timestamp without time zone', 'timestamp', 'YES', None)
('dwh_prod', 'fnpd_h', 'create_by', 15, 'character varying', 'varchar', 'YES', None)
('dwh_prod', 'fnpd_h', 'update_date', 16, 'timestamp without time zone', 'timestamp', 'YES', None)
('dwh_prod', 'fnpd_h', 'update_by', 17, 'character varying', 'varchar', 'YES', None)
('dwh_prod', 'fnpd_h', 'flag_sales', 18, 'character varying', 'varchar', 'YES', None)
('dwh_prod', 'fnpd_h', 'flag_steam', 19, 'character varying', 'varchar', 'YES', None)
('dwh_prod', 'fnpd_h', 'flag_region', 20, 'character varying', 'varchar', 'YES', None)
('dwh_prod', 'fnpd_h', 'flag_entity', 21, 'character varying', 'varchar', 'YES', None)
('dwh_prod', 'fnpd_h', 'reasonby_product', 22, 'character varying', 'varchar', 'NO', "'N'::character varying")
('dwh_prod', 'fnpd_product', 'id', 1, 'character varying', 'varchar', 'NO', None)
('dwh_prod', 'fnpd_product', 'pcode', 2, 'character varying', 'varchar', 'NO', None)
('dwh_prod', 'fnpd_product', 'FILE', 3, 'character varying', 'varchar', 'YES', None)
('dwh_prod', 'fnpd_product', 'kodecabang', 4, 'character varying', 'varchar', 'YES', "''::character varying")
('dwh_prod', 'fnpd_product', 'flag_popup', 5, 'character varying', 'varchar', 'YES', None)
('dwh_prod', 'fnpd_product', 'min_qty', 6, 'bigint', 'int8', 'NO', '0')
('dwh_prod', 'forecast_sellin_eom', 'regioncode', 1, 'text', 'text', 'NO', None)
('dwh_prod', 'forecast_sellin_eom', 'periode', 2, 'date', 'date', 'NO', None)
('dwh_prod', 'forecast_sellin_eom', 'mtd_value', 3, 'numeric', 'numeric', 'YES', None)
('dwh_prod', 'forecast_sellin_eom', 'elapsed_working_days', 4, 'integer', 'int4', 'YES', None)
('dwh_prod', 'forecast_sellin_eom', 'remaining_working_days', 5, 'integer', 'int4', 'YES', None)
('dwh_prod', 'forecast_sellin_eom', 'total_working_days', 6, 'integer', 'int4', 'YES', None)
('dwh_prod', 'forecast_sellin_eom', 'forecast_baseline', 7, 'numeric', 'numeric', 'YES', None)
('dwh_prod', 'forecast_sellin_eom', 'forecast_ets', 8, 'numeric', 'numeric', 'YES', None)
('dwh_prod', 'forecast_sellin_eom', 'forecast_sarima', 9, 'numeric', 'numeric', 'YES', None)
('dwh_prod', 'forecast_sellin_eom', 'forecast_xgboost', 10, 'numeric', 'numeric', 'YES', None)
('dwh_prod', 'forecast_sellin_eom', 'forecast_p10', 11, 'numeric', 'numeric', 'YES', None)
('dwh_prod', 'forecast_sellin_eom', 'forecast_p50', 12, 'numeric', 'numeric', 'YES', None)
('dwh_prod', 'forecast_sellin_eom', 'forecast_p90', 13, 'numeric', 'numeric', 'YES', None)
('dwh_prod', 'forecast_sellin_eom', 'target_sellin', 14, 'numeric', 'numeric', 'YES', None)
('dwh_prod', 'forecast_sellin_eom', 'achievement_pct_forecast', 15, 'numeric', 'numeric', 'YES', None)
('dwh_prod', 'forecast_sellin_eom', 'generated_at', 16, 'timestamp without time zone', 'timestamp', 'NO', 'now()')
('dwh_prod', 'fparam', 'sqslsno', 1, 'bigint', 'int8', 'YES', None)
('dwh_prod', 'fparam', 'slsno', 2, 'character varying', 'varchar', 'YES', None)
('dwh_prod', 'fparam', 'slsname', 3, 'character varying', 'varchar', 'YES', None)
('dwh_prod', 'fparam', 'slstp', 4, 'character varying', 'varchar', 'YES', None)
('dwh_prod', 'fparam', 'weekno', 5, 'character varying', 'varchar', 'YES', None)
('dwh_prod', 'fparam', 'prdno', 6, 'integer', 'int4', 'YES', None)
('dwh_prod', 'fparam', 'transdate', 7, 'character varying', 'varchar', 'YES', None)
('dwh_prod', 'fparam', 'team', 8, 'character varying', 'varchar', 'YES', None)
('dwh_prod', 'fparam', 'teamdesc', 9, 'character varying', 'varchar', 'YES', None)
('dwh_prod', 'fparam', 'ruteno', 10, 'integer', 'int4', 'YES', None)
('dwh_prod', 'fparam', 'nruteno', 11, 'integer', 'int4', 'YES', None)
('dwh_prod', 'fparam', 'slspass', 12, 'character varying', 'varchar', 'YES', None)
('dwh_prod', 'fparam', 'growth', 13, 'integer', 'int4', 'YES', None)
('dwh_prod', 'fparam', 'distbarc', 14, 'character varying', 'varchar', 'YES', None)
('dwh_prod', 'fparam', 'distid', 15, 'character varying', 'varchar', 'YES', None)
('dwh_prod', 'fparam', 'distnm', 16, 'character varying', 'varchar', 'YES', None)
('dwh_prod', 'fparam', 'flagrute', 17, 'character varying', 'varchar', 'YES', None)
('dwh_prod', 'fparam', 'target', 18, 'integer', 'int4', 'YES', None)
('dwh_prod', 'fparam', 'pc', 19, 'integer', 'int4', 'YES', None)
('dwh_prod', 'fparam', 'ec', 20, 'integer', 'int4', 'YES', None)
('dwh_prod', 'fparam', 'actcust', 21, 'character varying', 'varchar', 'YES', None)
('dwh_prod', 'fparam', 'seqdummy', 22, 'integer', 'int4', 'YES', None)
('dwh_prod', 'fparam', 'flagcash', 23, 'character varying', 'varchar', 'YES', None)
('dwh_prod', 'fparam', 'maxvisit', 24, 'integer', 'int4', 'YES', None)
('dwh_prod', 'fparam', 'flagkompttr', 25, 'character varying', 'varchar', 'YES', None)
('dwh_prod', 'fparam', 'flagcashdiscr', 26, 'character varying', 'varchar', 'YES', None)
('dwh_prod', 'fparam', 'flagkunjung', 27, 'character varying', 'varchar', 'YES', None)
('dwh_prod', 'fparam', 'flaglevdis', 28, 'character varying', 'varchar', 'YES', None)
('dwh_prod', 'fparam', 'flagtop', 29, 'character varying', 'varchar', 'YES', None)
('dwh_prod', 'fparam', 'mn_picos', 30, 'character varying', 'varchar', 'YES', None)
('dwh_prod', 'fparam', 'mn_vis', 31, 'character varying', 'varchar', 'YES', None)
('dwh_prod', 'fparam', 'mn_sos', 32, 'character varying', 'varchar', 'YES', None)
('dwh_prod', 'fparam', 'mn_survey', 33, 'character varying', 'varchar', 'YES', None)
('dwh_prod', 'fparam', 'man_vis', 34, 'character varying', 'varchar', 'YES', None)
('dwh_prod', 'fparam', 'man_sos', 35, 'character varying', 'varchar', 'YES', None)
('dwh_prod', 'fparam', 'man_survey', 36, 'character varying', 'varchar', 'YES', None)
('dwh_prod', 'fparam', 'mn_stock', 37, 'character varying', 'varchar', 'YES', None)
('dwh_prod', 'fparam', 'man_stock', 38, 'character varying', 'varchar', 'YES', None)
('dwh_prod', 'fparam', 'webadd', 39, 'character varying', 'varchar', 'YES', None)
('dwh_prod', 'fparam', 'otomatis_visit', 40, 'character varying', 'varchar', 'YES', None)
('dwh_prod', 'fparam', 'radius', 41, 'integer', 'int4', 'YES', '0')
('dwh_prod', 'fparam', 'battery', 42, 'character varying', 'varchar', 'YES', None)
('dwh_prod', 'fparam', 'accuracy', 43, 'character varying', 'varchar', 'YES', None)
('dwh_prod', 'fparam', 'aufinish', 44, 'character varying', 'varchar', 'YES', None)
('dwh_prod', 'fparam', 'ausynch', 45, 'character varying', 'varchar', 'YES', None)
('dwh_prod', 'fparam', 'flag_gps', 46, 'character varying', 'varchar', 'YES', None)
('dwh_prod', 'fparam', 'gps_mnt', 47, 'character varying', 'varchar', 'YES', None)
('dwh_prod', 'fparam', 'tretur', 48, 'integer', 'int4', 'YES', None)
('dwh_prod', 'fparam', 'cek_server', 49, 'integer', 'int4', 'YES', None)
('dwh_prod', 'fparam', 'initial_salesman', 50, 'character varying', 'varchar', 'YES', None)
('dwh_prod', 'fparam', 'flag_spv', 51, 'character varying', 'varchar', 'YES', "'N'::character varying")
('dwh_prod', 'fparam', 'flag_cvs', 52, 'character varying', 'varchar', 'YES', "'N'::character varying")
('dwh_prod', 'fparam', 'flag_inout', 53, 'character varying', 'varchar', 'YES', "'I'::character varying")
('dwh_prod', 'fparam', 'flag_disc', 54, 'character varying', 'varchar', 'YES', "'N'::character varying")
('dwh_prod', 'fparam', 'flag_info_hist', 55, 'character varying', 'varchar', 'YES', "'N'::character varying")
('dwh_prod', 'fparam', 'flag_must_print', 56, 'character varying', 'varchar', 'YES', "'N'::character varying")
('dwh_prod', 'fparam', 'flag_absent', 57, 'character varying', 'varchar', 'YES', None)
('dwh_prod', 'fparam', 'flag_noo_trx', 58, 'character varying', 'varchar', 'YES', None)
('dwh_prod', 'fparam', 'lat', 59, 'character varying', 'varchar', 'YES', None)
('dwh_prod', 'fparam', 'lng', 60, 'character varying', 'varchar', 'YES', None)
('dwh_prod', 'fparam', 'flag_delete_foto', 61, 'character varying', 'varchar', 'NO', "'N'::character varying")
('dwh_prod', 'fparam', 'time_close', 62, 'character varying', 'varchar', 'YES', 'NULL::character varying')
('dwh_prod', 'fparam', 'sellout_stay', 63, 'integer', 'int4', 'YES', None)
('dwh_prod', 'fparam', 'sellout_mobile', 64, 'integer', 'int4', 'YES', None)
('dwh_prod', 'fparam', 'reseller_stay', 65, 'integer', 'int4', 'YES', None)
('dwh_prod', 'fparam', 'reseller_mobile', 66, 'integer', 'int4', 'YES', None)
('dwh_prod', 'fparam', 'atasan_id', 67, 'character varying', 'varchar', 'YES', None)
('dwh_prod', 'fparam', 'tperfectgt', 68, 'character varying', 'varchar', 'YES', None)
('dwh_prod', 'fparam', 'aperfectgt', 69, 'character varying', 'varchar', 'YES', None)
('dwh_prod', 'fparam', 'tperfectmt', 70, 'character varying', 'varchar', 'YES', None)
('dwh_prod', 'fparam', 'aperfectmt', 71, 'character varying', 'varchar', 'YES', None)
('dwh_prod', 'fparam', 'tsnpd', 72, 'character varying', 'varchar', 'YES', None)
('dwh_prod', 'fparam', 'asnpd', 73, 'character varying', 'varchar', 'YES', None)
('dwh_prod', 'fparam', 'tvnpd', 74, 'character varying', 'varchar', 'YES', None)
('dwh_prod', 'fparam', 'avnpd', 75, 'character varying', 'varchar', 'YES', None)
('dwh_prod', 'fparam', 'sltp1', 76, 'character varying', 'varchar', 'YES', "''::character varying")
('dwh_prod', 'fparam', 'groupdesc', 77, 'character varying', 'varchar', 'YES', "''::character varying")
('dwh_prod', 'fparam', 'role_sales', 78, 'bigint', 'int8', 'YES', None)
('dwh_prod', 'fparam', 'userid', 79, 'character varying', 'varchar', 'YES', "''::character varying")
('dwh_prod', 'fparam', 'username', 80, 'character varying', 'varchar', 'YES', "''::character varying")
('dwh_prod', 'fparam', 'rayon_id', 81, 'character varying', 'varchar', 'YES', None)
('dwh_prod', 'fparam', 'rayon_desc', 82, 'character varying', 'varchar', 'YES', None)
('dwh_prod', 'fparam', 'absent_radius_trx', 83, 'character varying', 'varchar', 'YES', "'0'::character varying")
('dwh_prod', 'fparam', 'flag_active', 84, 'character varying', 'varchar', 'YES', "'Y'::character varying")
('dwh_prod', 'fparam', 'updated_by', 85, 'character varying', 'varchar', 'YES', None)
('dwh_prod', 'fparam', 'updated_date', 86, 'timestamp without time zone', 'timestamp', 'YES', None)
('dwh_prod', 'fparam', 'created_by', 87, 'character varying', 'varchar', 'YES', None)
('dwh_prod', 'fparam', 'created_date', 88, 'timestamp without time zone', 'timestamp', 'YES', None)
('dwh_prod', 'fprlin', 'prlinuci', 1, 'character varying', 'varchar', 'YES', None)
('dwh_prod', 'fprlin', 'prlin', 2, 'character varying', 'varchar', 'YES', "''::character varying")
('dwh_prod', 'fprlin', 'prliname', 3, 'character varying', 'varchar', 'YES', None)
('dwh_prod', 'fprlin', 'kodecabang', 4, 'character varying', 'varchar', 'YES', "''::character varying")
('dwh_prod', 'fprlin', 'kompflag', 5, 'character varying', 'varchar', 'YES', "'N'::character varying")
('dwh_prod', 'fregion5p', 'regionfactkey', 1, 'bigint', 'int8', 'NO', None)
('dwh_prod', 'fregion5p', 'monthsk', 2, 'integer', 'int4', 'NO', None)
('dwh_prod', 'fregion5p', 'regionsk', 3, 'integer', 'int4', 'NO', None)
('dwh_prod', 'fregion5p', 'ket5pilar', 4, 'character varying', 'varchar', 'YES', None)
('dwh_prod', 'fregion5p', 'targetoutletmonthlyrsm', 5, 'numeric', 'numeric', 'YES', '0')
('dwh_prod', 'fregion5p', 'realoutletmonthlyrsm', 6, 'numeric', 'numeric', 'YES', '0')
('dwh_prod', 'fregion5p', 'capaioutletmonthlyrsm', 7, 'numeric', 'numeric', 'YES', '0')
('dwh_prod', 'fregion5p', 'targetvaluemonthlyrsm', 8, 'numeric', 'numeric', 'YES', '0')
('dwh_prod', 'fregion5p', 'realvaluemonthlyrsm', 9, 'numeric', 'numeric', 'YES', '0')
('dwh_prod', 'fregion5p', 'capaivaluemonthlyrsm', 10, 'numeric', 'numeric', 'YES', '0')
('dwh_prod', 'fregion5p', 'colorcapaioutletrsm', 11, 'character varying', 'varchar', 'YES', None)
('dwh_prod', 'fregion5p', 'colorcapaivaluersm', 12, 'character varying', 'varchar', 'YES', None)
('dwh_prod', 'fregion5p', 'createdat', 13, 'timestamp without time zone', 'timestamp', 'YES', 'CURRENT_TIMESTAMP')
('dwh_prod', 'frute', 'slsno', 1, 'text', 'text', 'YES', None)
('dwh_prod', 'frute', 'norute', 2, 'text', 'text', 'YES', None)
('dwh_prod', 'frute', 'custno', 3, 'text', 'text', 'YES', None)
('dwh_prod', 'frute', 'h1', 4, 'text', 'text', 'YES', None)
('dwh_prod', 'frute', 'h2', 5, 'text', 'text', 'YES', None)
('dwh_prod', 'frute', 'h3', 6, 'text', 'text', 'YES', None)
('dwh_prod', 'frute', 'h4', 7, 'text', 'text', 'YES', None)
('dwh_prod', 'frute', 'h5', 8, 'text', 'text', 'YES', None)
('dwh_prod', 'frute', 'h6', 9, 'text', 'text', 'YES', None)
('dwh_prod', 'frute', 'h7', 10, 'text', 'text', 'YES', None)
('dwh_prod', 'frute', 'm1', 11, 'text', 'text', 'YES', None)
('dwh_prod', 'frute', 'm2', 12, 'text', 'text', 'YES', None)
('dwh_prod', 'frute', 'm3', 13, 'text', 'text', 'YES', None)
('dwh_prod', 'frute', 'm4', 14, 'text', 'text', 'YES', None)
('dwh_prod', 'frute', 's1', 15, 'text', 'text', 'YES', None)
('dwh_prod', 'frute', 's2', 16, 'text', 'text', 'YES', None)
('dwh_prod', 'frute', 's3', 17, 'text', 'text', 'YES', None)
('dwh_prod', 'frute', 's4', 18, 'text', 'text', 'YES', None)
('dwh_prod', 'frute', 's5', 19, 'text', 'text', 'YES', None)
('dwh_prod', 'frute', 's6', 20, 'text', 'text', 'YES', None)
('dwh_prod', 'frute', 'tp', 21, 'text', 'text', 'YES', None)
('dwh_prod', 'frute', 'kodecabang', 22, 'text', 'text', 'YES', None)
('dwh_prod', 'frute', 'typeout', 23, 'text', 'text', 'YES', None)
('dwh_prod', 'frute', 'climit', 24, 'double precision', 'float8', 'YES', None)
('dwh_prod', 'frute', 'rpp', 25, 'double precision', 'float8', 'YES', None)
('dwh_prod', 'frute', 'ldatetrs', 26, 'text', 'text', 'YES', None)
('dwh_prod', 'frute', 'lsales', 27, 'double precision', 'float8', 'YES', None)
('dwh_prod', 'frute', 'region', 28, 'text', 'text', 'YES', None)
('dwh_prod', 'frute', 'cabang', 29, 'text', 'text', 'YES', None)
('dwh_prod', 'frute', 'balance', 30, 'double precision', 'float8', 'YES', None)
('dwh_prod', 'frute', 'open_inv', 31, 'double precision', 'float8', 'YES', None)
('dwh_prod', 'frute', 'trx_inv', 32, 'double precision', 'float8', 'YES', None)
('dwh_prod', 'frute', 'flag_cover', 33, 'double precision', 'float8', 'YES', None)
('dwh_prod', 'frute', 'create_date', 34, 'timestamp without time zone', 'timestamp', 'YES', None)
('dwh_prod', 'frute', 'create_by', 35, 'text', 'text', 'YES', None)
('dwh_prod', 'frute', 'update_date', 36, 'timestamp without time zone', 'timestamp', 'YES', None)
('dwh_prod', 'frute', 'update_by', 37, 'text', 'text', 'YES', None)
('dwh_prod', 'frute', 'sltp1', 38, 'text', 'text', 'YES', None)
('dwh_prod', 'fsalesman', 'slsno', 1, 'character varying', 'varchar', 'NO', None)
('dwh_prod', 'fsalesman', 'slsname', 2, 'character varying', 'varchar', 'YES', None)
('dwh_prod', 'fsalesman', 'alamat1', 3, 'character varying', 'varchar', 'YES', None)
('dwh_prod', 'fsalesman', 'alamat2', 4, 'character varying', 'varchar', 'YES', None)
('dwh_prod', 'fsalesman', 'kota', 5, 'character varying', 'varchar', 'YES', None)
('dwh_prod', 'fsalesman', 'pendidikan', 6, 'character varying', 'varchar', 'YES', None)
('dwh_prod', 'fsalesman', 'tgllahir', 7, 'character varying', 'varchar', 'YES', None)
('dwh_prod', 'fsalesman', 'tglmasuk', 8, 'character varying', 'varchar', 'YES', None)
('dwh_prod', 'fsalesman', 'slstp', 9, 'character varying', 'varchar', 'YES', None)
('dwh_prod', 'fsalesman', 'caraopr', 10, 'character varying', 'varchar', 'YES', None)
('dwh_prod', 'fsalesman', 'team', 11, 'character varying', 'varchar', 'YES', None)
('dwh_prod', 'fsalesman', 'teamname', 12, 'character varying', 'varchar', 'YES', None)
('dwh_prod', 'fsalesman', 'bonus', 13, 'character varying', 'varchar', 'YES', None)
('dwh_prod', 'fsalesman', 'tgltrans', 14, 'character varying', 'varchar', 'YES', None)
('dwh_prod', 'fsalesman', 'kg', 15, 'character varying', 'varchar', 'YES', None)
('dwh_prod', 'fsalesman', 'namagudang', 16, 'character varying', 'varchar', 'YES', None)
('dwh_prod', 'fsalesman', 'pkjl', 17, 'character varying', 'varchar', 'YES', None)
('dwh_prod', 'fsalesman', 'namapkjl', 18, 'character varying', 'varchar', 'YES', None)
('dwh_prod', 'fsalesman', 'kodecabang', 19, 'character varying', 'varchar', 'NO', None)
('dwh_prod', 'fsalesman', 'sltp1', 20, 'character varying', 'varchar', 'YES', "'NA'::character varying")
('dwh_prod', 'fsalesman', 'slspass', 21, 'character varying', 'varchar', 'YES', None)
('dwh_prod', 'fsalesman', 'totpnjl', 22, 'numeric', 'numeric', 'YES', None)
('dwh_prod', 'fsalesman', 'ec1', 23, 'integer', 'int4', 'YES', None)
('dwh_prod', 'fsalesman', 'item', 24, 'integer', 'int4', 'YES', None)
('dwh_prod', 'fsalesman', 'mss', 25, 'integer', 'int4', 'YES', None)
('dwh_prod', 'fsalesman', 'osa', 26, 'integer', 'int4', 'YES', None)
('dwh_prod', 'fsalesman', 'vis', 27, 'integer', 'int4', 'YES', None)
('dwh_prod', 'fsalesman', 'posm', 28, 'integer', 'int4', 'YES', None)
('dwh_prod', 'fsalesman', 'tarcall', 29, 'integer', 'int4', 'YES', None)
('dwh_prod', 'fsalesman', 'atasan_id', 30, 'character varying', 'varchar', 'YES', None)
('dwh_prod', 'fsalesman', 'updatedate', 31, 'timestamp without time zone', 'timestamp', 'YES', None)
('dwh_prod', 'fsalesman', 'updateby', 32, 'character varying', 'varchar', 'YES', None)
('dwh_prod', 'fsalesman', 'sls_init', 33, 'character varying', 'varchar', 'YES', None)
('dwh_prod', 'fsalesman', 'kg_besar', 34, 'character varying', 'varchar', 'YES', None)
('dwh_prod', 'fsalesman', 'kg_sample', 35, 'character varying', 'varchar', 'YES', None)
('dwh_prod', 'fsalesman', 'cost_center', 36, 'character varying', 'varchar', 'YES', None)
('dwh_prod', 'fsalesman', 'profit_center', 37, 'character varying', 'varchar', 'YES', None)
('dwh_prod', 'fsalesman', 'an_vendor', 38, 'character varying', 'varchar', 'YES', None)
('dwh_prod', 'fsalesman', 'lifnr', 39, 'character varying', 'varchar', 'YES', None)
('dwh_prod', 'fsalesman', 'lvl', 40, 'character varying', 'varchar', 'YES', None)
('dwh_prod', 'fsalesman', 'custno_asm', 41, 'character varying', 'varchar', 'YES', None)
('dwh_prod', 'fsalesman', 'tempatlahir', 42, 'character varying', 'varchar', 'YES', None)
('dwh_prod', 'fsalesman', 'phone', 43, 'character varying', 'varchar', 'YES', None)
('dwh_prod', 'fsalesman', 'kodebank', 44, 'character varying', 'varchar', 'YES', None)
('dwh_prod', 'fsalesman', 'accountno', 45, 'character varying', 'varchar', 'YES', None)
('dwh_prod', 'fsalesman', 'accountname', 46, 'character varying', 'varchar', 'YES', None)
('dwh_prod', 'fsalesman', 'status', 47, 'character varying', 'varchar', 'YES', None)
('dwh_prod', 'fsalesman', 'email', 48, 'character varying', 'varchar', 'YES', None)
('dwh_prod', 'fsalesman', 'sts_salesman', 49, 'character varying', 'varchar', 'YES', None)
('dwh_prod', 'fsalesman', 'employee_id', 50, 'character varying', 'varchar', 'YES', "''::character varying")
('dwh_prod', 'fsalesman', 'koderegion', 51, 'character varying', 'varchar', 'YES', "''::character varying")
('dwh_prod', 'fsalesman', 'kodeentity', 52, 'character varying', 'varchar', 'YES', "''::character varying")
('dwh_prod', 'fsalesman', 'flag_active', 53, 'character varying', 'varchar', 'YES', "'Y'::character varying")
('dwh_prod', 'fsalesman', 'kg2', 54, 'character varying', 'varchar', 'YES', None)
('dwh_prod', 'fsalesman', 'flag_office', 55, 'character varying', 'varchar', 'YES', None)
('dwh_prod', 'fsalesman', 'rayon', 56, 'character varying', 'varchar', 'YES', "'NA'::character varying")
('dwh_prod', 'fsalesman', 'norek', 57, 'character varying', 'varchar', 'YES', None)
('dwh_prod', 'fsalesman', 'bank', 58, 'character varying', 'varchar', 'YES', None)
('dwh_prod', 'fsalesman', 'an', 59, 'character varying', 'varchar', 'YES', None)
('dwh_prod', 'fsalesman', 'kelengkapan', 60, 'character varying', 'varchar', 'YES', None)
('dwh_prod', 'fsalesman', 'jobs_name', 61, 'character varying', 'varchar', 'YES', None)
('dwh_prod', 'fse5pina', 'sefactkey', 1, 'bigint', 'int8', 'NO', None)
('dwh_prod', 'fse5pina', 'monthsk', 2, 'integer', 'int4', 'NO', None)
('dwh_prod', 'fse5pina', 'regionsk', 3, 'integer', 'int4', 'NO', None)
('dwh_prod', 'fse5pina', 'branchsk', 4, 'integer', 'int4', 'NO', None)
('dwh_prod', 'fse5pina', 'spvsk', 5, 'integer', 'int4', 'NO', None)
('dwh_prod', 'fse5pina', 'sellingpointsk', 6, 'integer', 'int4', 'NO', None)
('dwh_prod', 'fse5pina', 'sesk', 7, 'integer', 'int4', 'NO', None)
('dwh_prod', 'fse5pina', 'ket5pilar', 8, 'character varying', 'varchar', 'YES', None)
('dwh_prod', 'fse5pina', 'targetoutletmonthlyse', 9, 'numeric', 'numeric', 'YES', '0')
('dwh_prod', 'fse5pina', 'realoutletmonthlyse', 10, 'numeric', 'numeric', 'YES', '0')
('dwh_prod', 'fse5pina', 'capaioutletmonthlyse', 11, 'numeric', 'numeric', 'YES', '0')
('dwh_prod', 'fse5pina', 'targetvaluemonthlyse', 12, 'numeric', 'numeric', 'YES', '0')
('dwh_prod', 'fse5pina', 'realvaluemonthlyse', 13, 'numeric', 'numeric', 'YES', '0')
('dwh_prod', 'fse5pina', 'capaivaluemonthlyse', 14, 'numeric', 'numeric', 'YES', '0')
('dwh_prod', 'fse5pina', 'colorcapaioutletse', 15, 'character varying', 'varchar', 'YES', None)
('dwh_prod', 'fse5pina', 'colorcapaivaluese', 16, 'character varying', 'varchar', 'YES', None)
('dwh_prod', 'fse5pina', 'createdat', 17, 'timestamp without time zone', 'timestamp', 'YES', 'CURRENT_TIMESTAMP')
('dwh_prod', 'fspv5pina', 'spvfactkey', 1, 'bigint', 'int8', 'NO', None)
('dwh_prod', 'fspv5pina', 'monthsk', 2, 'integer', 'int4', 'NO', None)
('dwh_prod', 'fspv5pina', 'regionsk', 3, 'integer', 'int4', 'NO', None)
('dwh_prod', 'fspv5pina', 'branchsk', 4, 'integer', 'int4', 'NO', None)
('dwh_prod', 'fspv5pina', 'spvsk', 5, 'integer', 'int4', 'NO', None)
('dwh_prod', 'fspv5pina', 'ket5pilar', 6, 'character varying', 'varchar', 'YES', None)
('dwh_prod', 'fspv5pina', 'targetoutletmonthlyspv', 7, 'numeric', 'numeric', 'YES', '0')
('dwh_prod', 'fspv5pina', 'realoutletmonthlyspv', 8, 'numeric', 'numeric', 'YES', '0')
('dwh_prod', 'fspv5pina', 'capaioutletmonthlyspv', 9, 'numeric', 'numeric', 'YES', '0')
('dwh_prod', 'fspv5pina', 'targetvaluemonthlyspv', 10, 'numeric', 'numeric', 'YES', '0')
('dwh_prod', 'fspv5pina', 'realvaluemonthlyspv', 11, 'numeric', 'numeric', 'YES', '0')
('dwh_prod', 'fspv5pina', 'capaivaluemonthlyspv', 12, 'numeric', 'numeric', 'YES', '0')
('dwh_prod', 'fspv5pina', 'colorcapaioutletspv', 13, 'character varying', 'varchar', 'YES', None)
('dwh_prod', 'fspv5pina', 'colorcapaivaluespv', 14, 'character varying', 'varchar', 'YES', None)
('dwh_prod', 'fspv5pina', 'createdat', 15, 'timestamp without time zone', 'timestamp', 'YES', 'CURRENT_TIMESTAMP')
('dwh_prod', 'fstockbarang', 'kg', 1, 'character varying', 'varchar', 'YES', None)
('dwh_prod', 'fstockbarang', 'pcode', 2, 'character varying', 'varchar', 'YES', None)
('dwh_prod', 'fstockbarang', 'stock', 3, 'integer', 'int4', 'YES', None)
('dwh_prod', 'fstockbarang', 'xstock', 4, 'character varying', 'varchar', 'YES', None)
('dwh_prod', 'fstockbarang', 'kodecabang', 5, 'character varying', 'varchar', 'YES', None)
('dwh_prod', 'fstockbarang', 'updatedate', 6, 'timestamp without time zone', 'timestamp', 'YES', None)
('dwh_prod', 'fstockbarang', 'updateby', 7, 'character varying', 'varchar', 'YES', None)
('dwh_prod', 'fstockbarang', 'koderegion', 8, 'character varying', 'varchar', 'YES', "''::character varying")
('dwh_prod', 'fstockbarang', 'kodeentity', 9, 'character varying', 'varchar', 'YES', "''::character varying")
('dwh_prod', 'ftarget', 'tahun', 1, 'character varying', 'varchar', 'YES', "''::character varying")
('dwh_prod', 'ftarget', 'bulan', 2, 'character varying', 'varchar', 'YES', "''::character varying")
('dwh_prod', 'ftarget', 'region', 3, 'character varying', 'varchar', 'YES', None)
('dwh_prod', 'ftarget', 'branch', 4, 'character varying', 'varchar', 'YES', None)
('dwh_prod', 'ftarget', 'sellingpoint', 5, 'character varying', 'varchar', 'YES', "''::character varying")
('dwh_prod', 'ftarget', 'slsno', 6, 'character varying', 'varchar', 'YES', None)
('dwh_prod', 'ftarget', 'rayon', 7, 'character varying', 'varchar', 'YES', None)
('dwh_prod', 'ftarget', 'district', 8, 'character varying', 'varchar', 'YES', None)
('dwh_prod', 'ftarget', 'material_group', 9, 'character varying', 'varchar', 'YES', "''::character varying")
('dwh_prod', 'ftarget', 'target_volume', 10, 'integer', 'int4', 'YES', '0')
('dwh_prod', 'ftarget', 'target_nota', 11, 'integer', 'int4', 'YES', '0')
('dwh_prod', 'ftarget', 'target_ec', 12, 'integer', 'int4', 'YES', '0')
('dwh_prod', 'ftarget', 'target_item', 13, 'integer', 'int4', 'YES', '0')
('dwh_prod', 'ftarget', 'target_qty', 14, 'integer', 'int4', 'YES', '0')
('dwh_prod', 'ftarget', 'target_value', 15, 'integer', 'int4', 'YES', '0')
('dwh_prod', 'ftarget', 'custno', 16, 'character varying', 'varchar', 'YES', "''::character varying")
('dwh_prod', 'ftarget', 'pcode', 17, 'character varying', 'varchar', 'YES', "''::character varying")
('dwh_prod', 'ftarget', 'kodecabang', 18, 'character varying', 'varchar', 'YES', "''::character varying")
('dwh_prod', 'ftarget', 'cabang', 19, 'character varying', 'varchar', 'YES', None)
('dwh_prod', 'ftarget', 'target', 20, 'integer', 'int4', 'YES', '0')
('dwh_prod', 'ftarget', 'qty', 21, 'integer', 'int4', 'YES', '0')
('dwh_prod', 'ftarget', 'hke', 22, 'integer', 'int4', 'YES', '0')
('dwh_prod', 'ftypeout', 'TYPE', 1, 'character varying', 'varchar', 'YES', None)
('dwh_prod', 'ftypeout', 'typename', 2, 'character varying', 'varchar', 'YES', None)
('dwh_prod', 'ftypeout', 'typeuci', 3, 'character varying', 'varchar', 'YES', "''::character varying")
('dwh_prod', 'ftypeout', 'kodecabang', 4, 'character varying', 'varchar', 'YES', "''::character varying")
('dwh_prod', 'ftypeout', 'rangefrom', 5, 'integer', 'int4', 'YES', '0')
('dwh_prod', 'ftypeout', 'rangeto', 6, 'integer', 'int4', 'YES', '0')
('dwh_prod', 'ftypeout', 'updateby', 7, 'character varying', 'varchar', 'YES', None)
('dwh_prod', 'ftypeout', 'updatedate', 8, 'timestamp without time zone', 'timestamp', 'YES', None)
('dwh_prod', 'ftypeout', 'jobs_name', 9, 'character varying', 'varchar', 'YES', None)
('dwh_prod', 'gs_bookmonth', 'fsb_year', 1, 'integer', 'int4', 'NO', None)
('dwh_prod', 'gs_bookmonth', 'fsb_periode', 2, 'integer', 'int4', 'NO', None)
('dwh_prod', 'gs_bookmonth', 'fsb_tot_week', 3, 'integer', 'int4', 'YES', None)
('dwh_prod', 'gs_bookmonth', 'fsb_start_date', 4, 'timestamp without time zone', 'timestamp', 'YES', None)
('dwh_prod', 'gs_bookmonth', 'fsb_end_date', 5, 'timestamp without time zone', 'timestamp', 'YES', None)
('dwh_prod', 'gs_bookmonth', 'fsb_first_update_date', 6, 'timestamp without time zone', 'timestamp', 'YES', None)
('dwh_prod', 'gs_bookmonth', 'fsb_last_update_date', 7, 'timestamp without time zone', 'timestamp', 'YES', None)
('dwh_prod', 'gs_bookmonth', 'fsb_user', 8, 'character varying', 'varchar', 'YES', None)
('dwh_prod', 'gs_working_day', 'fwd_year', 1, 'integer', 'int4', 'NO', None)
('dwh_prod', 'gs_working_day', 'fwd_periode', 2, 'integer', 'int4', 'NO', None)
('dwh_prod', 'gs_working_day', 'fwd_week_no', 3, 'integer', 'int4', 'NO', None)
('dwh_prod', 'gs_working_day', 'fwd_pekan', 4, 'integer', 'int4', 'YES', None)
('dwh_prod', 'gs_working_day', 'fwd_work_day', 5, 'timestamp without time zone', 'timestamp', 'NO', None)
('dwh_prod', 'gs_working_day', 'fwd_work_status', 6, 'character', 'bpchar', 'YES', None)
('dwh_prod', 'gs_working_day', 'fwd_first_update_date', 7, 'timestamp without time zone', 'timestamp', 'YES', None)
('dwh_prod', 'gs_working_day', 'fwd_last_update_date', 8, 'timestamp without time zone', 'timestamp', 'YES', None)
('dwh_prod', 'gs_working_day', 'fwd_user', 9, 'character varying', 'varchar', 'YES', None)
('dwh_prod', 'm_cabang2', 'koderegion', 1, 'character varying', 'varchar', 'NO', None)
('dwh_prod', 'm_cabang2', 'kodecabang', 2, 'character varying', 'varchar', 'NO', None)
('dwh_prod', 'm_cabang2', 'ket', 3, 'character varying', 'varchar', 'YES', None)
('dwh_prod', 'm_cabang2', 'pin', 4, 'character varying', 'varchar', 'YES', None)
('dwh_prod', 'm_cabang2', 'lat', 5, 'numeric', 'numeric', 'YES', None)
('dwh_prod', 'm_cabang2', 'lng', 6, 'numeric', 'numeric', 'YES', None)
('dwh_prod', 'm_cabang2', 'createdate', 7, 'timestamp without time zone', 'timestamp', 'YES', None)
('dwh_prod', 'm_cabang2', 'createby', 8, 'character varying', 'varchar', 'YES', None)
('dwh_prod', 'm_cabang2', 'updatedate', 9, 'timestamp without time zone', 'timestamp', 'YES', None)
('dwh_prod', 'm_cabang2', 'updateby', 10, 'character varying', 'varchar', 'YES', None)
('dwh_prod', 'm_sales_org_hierarchy', 'regioncode', 1, 'character varying', 'varchar', 'NO', None)
('dwh_prod', 'm_sales_org_hierarchy', 'regionname', 2, 'character varying', 'varchar', 'YES', None)
('dwh_prod', 'm_sales_org_hierarchy', 'gm_code', 3, 'character varying', 'varchar', 'NO', None)
('dwh_prod', 'm_sales_org_hierarchy', 'gm_name', 4, 'character varying', 'varchar', 'NO', None)
('dwh_prod', 'm_sales_org_hierarchy', 'is_active', 5, 'boolean', 'bool', 'NO', 'true')
('dwh_prod', 'm_sales_org_hierarchy', 'created_at', 6, 'timestamp without time zone', 'timestamp', 'NO', 'CURRENT_TIMESTAMP')
('dwh_prod', 'm_sales_org_hierarchy', 'updated_at', 7, 'timestamp without time zone', 'timestamp', 'NO', 'CURRENT_TIMESTAMP')
('dwh_prod', 'm_sales_org_hierarchyina', 'regioncode', 1, 'character varying', 'varchar', 'NO', None)
('dwh_prod', 'm_sales_org_hierarchyina', 'regionname', 2, 'character varying', 'varchar', 'YES', None)
('dwh_prod', 'm_sales_org_hierarchyina', 'gm_code', 3, 'character varying', 'varchar', 'NO', None)
('dwh_prod', 'm_sales_org_hierarchyina', 'gm_name', 4, 'character varying', 'varchar', 'NO', None)
('dwh_prod', 'm_sales_org_hierarchyina', 'is_active', 5, 'boolean', 'bool', 'NO', 'true')
('dwh_prod', 'm_sales_org_hierarchyina', 'created_at', 6, 'timestamp without time zone', 'timestamp', 'NO', 'CURRENT_TIMESTAMP')
('dwh_prod', 'm_sales_org_hierarchyina', 'updated_at', 7, 'timestamp without time zone', 'timestamp', 'NO', 'CURRENT_TIMESTAMP')
('dwh_prod', 'm_scabang', 'koderegion', 1, 'character varying', 'varchar', 'YES', "''::character varying")
('dwh_prod', 'm_scabang', 'kodecabang', 2, 'character varying', 'varchar', 'YES', "''::character varying")
('dwh_prod', 'm_scabang', 'kodescabang', 3, 'character varying', 'varchar', 'YES', "''::character varying")
('dwh_prod', 'm_scabang', 'ket', 4, 'character varying', 'varchar', 'YES', "''::character varying")
('dwh_prod', 'm_scabang', 'pin', 5, 'character varying', 'varchar', 'YES', "''::character varying")
('dwh_prod', 'm_scabang', 'lat', 6, 'character varying', 'varchar', 'YES', "''::character varying")
('dwh_prod', 'm_scabang', 'lng', 7, 'character varying', 'varchar', 'YES', "''::character varying")
('dwh_prod', 'm_scabang', 'flag_aktif', 8, 'character varying', 'varchar', 'YES', "'Y'::character varying")
('dwh_prod', 'm_scabang', 'coll_flag', 9, 'character varying', 'varchar', 'YES', "'N'::character varying")
('dwh_prod', 'm_scabang', 'pctgrowth', 10, 'integer', 'int4', 'YES', '0')
('dwh_prod', 'm_scabang', 'buffer', 11, 'integer', 'int4', 'YES', '0')
('dwh_prod', 'm_scabang', 'outbound_type', 12, 'character varying', 'varchar', 'YES', "'SUMMARY'::character varying")
('dwh_prod', 'm_scabang', 'ftp_host_local', 13, 'character varying', 'varchar', 'YES', "''::character varying")
('dwh_prod', 'm_scabang', 'ftp_host_public', 14, 'character varying', 'varchar', 'YES', "''::character varying")
('dwh_prod', 'm_scabang', 'ftp_user', 15, 'character varying', 'varchar', 'YES', "''::character varying")
('dwh_prod', 'm_scabang', 'ftp_pass', 16, 'character varying', 'varchar', 'YES', "''::character varying")
('dwh_prod', 'm_scabang', 'ftp_home', 17, 'character varying', 'varchar', 'YES', "''::character varying")
('dwh_prod', 'm_scabang', 'ovd', 18, 'smallint', 'int2', 'YES', '0')
('dwh_prod', 'm_scabang', 'tipe', 19, 'character varying', 'varchar', 'YES', "'1'::character varying")
('dwh_prod', 'm_scabang', 'createdate', 20, 'timestamp without time zone', 'timestamp', 'YES', None)
('dwh_prod', 'm_scabang', 'createby', 21, 'character varying', 'varchar', 'YES', "''::character varying")
('dwh_prod', 'm_scabang', 'updatedate', 22, 'timestamp without time zone', 'timestamp', 'YES', None)
('dwh_prod', 'm_scabang', 'updateby', 23, 'character varying', 'varchar', 'YES', "''::character varying")
('dwh_prod', 'm_scabang', 'transfer_type', 24, 'character varying', 'varchar', 'YES', "'FTP'::character varying")
('dwh_prod', 'm_scabang', 'transfer_map', 25, 'character varying', 'varchar', 'YES', "''::character varying")
('dwh_prod', 'm_scabang', 'addr1', 26, 'character varying', 'varchar', 'YES', "''::character varying")
('dwh_prod', 'm_scabang', 'addr2', 27, 'character varying', 'varchar', 'YES', "''::character varying")
('dwh_prod', 'm_scabang', 'kota', 28, 'character varying', 'varchar', 'YES', "''::character varying")
('dwh_prod', 'm_scabang', 'telp', 29, 'character varying', 'varchar', 'YES', "''::character varying")
('dwh_prod', 'm_scabang', 'npwp', 30, 'character varying', 'varchar', 'YES', "''::character varying")
('dwh_prod', 'm_scabang', 'kodepos', 31, 'character varying', 'varchar', 'YES', "''::character varying")
('dwh_prod', 'm_scabang', 'gl_coh', 32, 'character varying', 'varchar', 'YES', "''::character varying")
('dwh_prod', 'm_scabang', 'userdefine1', 33, 'character varying', 'varchar', 'YES', "''::character varying")
('dwh_prod', 'm_scabang', 'tahun', 34, 'character varying', 'varchar', 'YES', None)
('dwh_prod', 'm_scabang', 'seq_num', 35, 'integer', 'int4', 'YES', None)
('dwh_prod', 'm_scabang', 'flag_prc', 36, 'character varying', 'varchar', 'YES', "'N'::character varying")
('dwh_prod', 'm_scabang', 'koderegion_new', 37, 'character varying', 'varchar', 'YES', None)
('dwh_prod', 'm_scabang', 'kodesubregion', 38, 'character varying', 'varchar', 'YES', None)
('dwh_prod', 'm_scabang', 'kodearea', 39, 'character varying', 'varchar', 'YES', None)
('dwh_prod', 'm_scabang', 'kodelocation', 40, 'character varying', 'varchar', 'YES', None)
('dwh_prod', 'm_scabang', 'firtscallmade', 41, 'time without time zone', 'time', 'YES', None)
('dwh_prod', 'm_scabang', 'kodescabang_md', 42, 'character varying', 'varchar', 'YES', None)
('dwh_prod', 'm_scabang', 'workday', 43, 'integer', 'int4', 'YES', None)
('dwh_prod', 'm_scabang', 'ket_md', 44, 'character varying', 'varchar', 'YES', None)
('dwh_prod', 'm_scabang', 'tgt_param', 45, 'character varying', 'varchar', 'YES', None)
('dwh_prod', 'm_scabang', 'gharga_id', 46, 'character varying', 'varchar', 'YES', "''::character varying")
('dwh_prod', 'm_scabang', 'gharga_desc', 47, 'character varying', 'varchar', 'YES', "''::character varying")
('dwh_prod', 'm_scabang', 'addr3', 48, 'character varying', 'varchar', 'YES', None)
('dwh_prod', 'm_scabang', 'addr4', 49, 'character varying', 'varchar', 'YES', None)
('dwh_prod', 'm_scabang', 'flag_eska_core', 50, 'character varying', 'varchar', 'YES', "'N'::character varying")
('dwh_prod', 'm_scabang', 'exclusive_branch', 51, 'character varying', 'varchar', 'YES', "'N'::character varying")
('dwh_prod', 'm_scabang', 'sfa_mob_lang', 52, 'character varying', 'varchar', 'YES', "'id'::character varying")
('dwh_prod', 'm_scabang', 'cutoff_date', 53, 'integer', 'int4', 'YES', '5')
('dwh_prod', 'm_scabang', 'radius_trx', 54, 'character varying', 'varchar', 'YES', None)
('dwh_prod', 'm_scabang', 'use_radius_trx', 55, 'integer', 'int4', 'YES', '0')
('dwh_prod', 'm_scabang', 'flag_sum_discount', 56, 'character varying', 'varchar', 'YES', "'N'::character varying")
('dwh_prod', 'm_scabang_dist', 'distid', 1, 'character varying', 'varchar', 'YES', None)
('dwh_prod', 'm_scabang_dist', 'region', 2, 'character varying', 'varchar', 'YES', None)
('dwh_prod', 'm_scabang_dist', 'entity', 3, 'character varying', 'varchar', 'YES', None)
('dwh_prod', 'm_scabang_dist', 'kode', 4, 'character varying', 'varchar', 'YES', None)
('dwh_prod', 'm_scabang_dist', 'ket', 5, 'character varying', 'varchar', 'YES', "''::character varying")
('dwh_prod', 'm_scabang_dist', 'createby', 6, 'character varying', 'varchar', 'YES', None)
('dwh_prod', 'm_scabang_dist', 'updateby', 7, 'character varying', 'varchar', 'YES', None)
('dwh_prod', 'm_scabang_dist', 'createdate', 8, 'timestamp without time zone', 'timestamp', 'YES', 'CURRENT_TIMESTAMP')
('dwh_prod', 'm_scabang_dist', 'updatedate', 9, 'timestamp without time zone', 'timestamp', 'YES', 'CURRENT_TIMESTAMP')
('dwh_prod', 'm_scabang_dist_map', 'bid', 1, 'character varying', 'varchar', 'YES', None)
('dwh_prod', 'm_scabang_dist_map', 'distid', 2, 'character varying', 'varchar', 'YES', None)
('dwh_prod', 'm_scabang_dist_map', 'rid_dist', 3, 'character varying', 'varchar', 'YES', None)
('dwh_prod', 'm_scabang_dist_map', 'eid_dist', 4, 'character varying', 'varchar', 'YES', None)
('dwh_prod', 'm_scabang_dist_map', 'bid_dist', 5, 'character varying', 'varchar', 'YES', None)
('dwh_prod', 'mcustascend', 'customercode', 1, 'character varying', 'varchar', 'YES', None)
('dwh_prod', 'mcustascend', 'customername', 2, 'character varying', 'varchar', 'YES', None)
('dwh_prod', 'mcustascend', 'billingaddressline1', 3, 'character varying', 'varchar', 'YES', None)
('dwh_prod', 'mcustascend', 'billingcity', 4, 'character varying', 'varchar', 'YES', None)
('dwh_prod', 'mcustascend', 'shippingaddressline1', 5, 'character varying', 'varchar', 'YES', None)
('dwh_prod', 'mcustascend', 'shippingcity', 6, 'character varying', 'varchar', 'YES', None)
('dwh_prod', 'mcustascend', 'paymentterm', 7, 'integer', 'int4', 'YES', None)
('dwh_prod', 'mcustascend', 'creditlimit', 8, 'numeric', 'numeric', 'YES', None)
('dwh_prod', 'mcustascend', 'email', 9, 'character varying', 'varchar', 'YES', None)
('dwh_prod', 'mcustascend', 'fpcity', 10, 'character varying', 'varchar', 'YES', None)
('dwh_prod', 'mcustascend', 'salespersoncode', 11, 'character varying', 'varchar', 'YES', None)
('dwh_prod', 'mcustascend', 'salespersonname', 12, 'character varying', 'varchar', 'YES', None)
('dwh_prod', 'mcustascend', 'businessgroupname', 13, 'character varying', 'varchar', 'YES', None)
('dwh_prod', 'mcustascend', 'businessgroupdescription', 14, 'character varying', 'varchar', 'YES', None)
('dwh_prod', 'mcustascend', 'customerareacode', 15, 'character varying', 'varchar', 'YES', None)
('dwh_prod', 'mcustascend', 'customerareaname', 16, 'text', 'text', 'YES', None)
('dwh_prod', 'mcustascend', 'customertypename', 17, 'character varying', 'varchar', 'YES', None)
('dwh_prod', 'mcustascend', 'customerchannelcode', 18, 'character varying', 'varchar', 'YES', None)
('dwh_prod', 'mcustascend', 'customerchannelname', 19, 'character varying', 'varchar', 'YES', None)
('dwh_prod', 'mcustascend', 'customerrankcode', 20, 'character varying', 'varchar', 'YES', None)
('dwh_prod', 'mcustascend', 'customerrankname', 21, 'character varying', 'varchar', 'YES', None)
('dwh_prod', 'mcustascend', 'createdate', 22, 'timestamp without time zone', 'timestamp', 'YES', None)
('dwh_prod', 'mcustascend', 'lastmod', 23, 'timestamp without time zone', 'timestamp', 'YES', None)
('dwh_prod', 'mcustascend', 'disabled', 24, 'character varying', 'varchar', 'YES', None)
('dwh_prod', 'mcusterpraw', 'kode_distibutor', 1, 'character varying', 'varchar', 'YES', None)
('dwh_prod', 'mcusterpraw', 'nama_distributor', 2, 'character varying', 'varchar', 'YES', None)
('dwh_prod', 'mcusterpraw', 'kota', 3, 'character varying', 'varchar', 'YES', None)
('dwh_prod', 'mcusterpraw', 'sales_divisi', 4, 'character varying', 'varchar', 'YES', None)
('dwh_prod', 'mcusterpraw', 'regional', 5, 'character varying', 'varchar', 'YES', None)
('dwh_prod', 'mcusterpraw', 'status_distributor', 6, 'character varying', 'varchar', 'YES', None)
('dwh_prod', 'mitemascend', 'Item Code', 1, 'character varying', 'varchar', 'YES', None)
('dwh_prod', 'mitemascend', 'status', 10, 'character varying', 'varchar', 'YES', None)
('dwh_prod', 'mitemascend', 'discontinue', 11, 'character varying', 'varchar', 'YES', None)
('dwh_prod', 'mitemascend', 'UOM 1', 13, 'character varying', 'varchar', 'YES', None)
('dwh_prod', 'mitemascend', 'UOM 2', 14, 'character varying', 'varchar', 'YES', None)
('dwh_prod', 'mitemascend', 'UOM 3', 15, 'character varying', 'varchar', 'YES', None)
('dwh_prod', 'mitemascend', 'UOM 4', 16, 'character varying', 'varchar', 'YES', None)
('dwh_prod', 'mitemascend', 'brand', 17, 'character varying', 'varchar', 'YES', None)
('dwh_prod', 'mitemascend', 'UOM Factor', 18, 'character varying', 'varchar', 'YES', None)
('dwh_prod', 'mitemascend', 'Family Name', 19, 'character varying', 'varchar', 'YES', None)
('dwh_prod', 'mitemascend', 'Sub Family Name', 20, 'character varying', 'varchar', 'YES', None)
('dwh_prod', 'mitemascend', 'UOM Ratio 2', 23, 'numeric', 'numeric', 'YES', None)
('dwh_prod', 'mitemascend', 'UOM Ratio 3', 24, 'numeric', 'numeric', 'YES', None)
('dwh_prod', 'mitemascend', 'Length', 25, 'numeric', 'numeric', 'YES', None)
('dwh_prod', 'mitemascend', 'width', 26, 'numeric', 'numeric', 'YES', None)
('dwh_prod', 'mitemascend', 'thickness', 27, 'numeric', 'numeric', 'YES', None)
('dwh_prod', 'mitemascend', 'Net Weight', 28, 'numeric', 'numeric', 'YES', None)
('dwh_prod', 'mitemascend', 'remarks', 29, 'character varying', 'varchar', 'YES', None)
('dwh_prod', 'mitemascend', 'Item Name', 30, 'character varying', 'varchar', 'YES', None)
('dwh_prod', 'mitemascend', 'UOM Ratio 1', 31, 'numeric', 'numeric', 'YES', None)
('dwh_prod', 'mitemascend', 'UOM Ratio 2_KTL', 32, 'numeric', 'numeric', 'YES', None)
('dwh_prod', 'mitemerp', 'kode', 1, 'character varying', 'varchar', 'YES', None)
('dwh_prod', 'mitemerp', 'nama', 2, 'character varying', 'varchar', 'YES', None)
('dwh_prod', 'mitemerp', 'satuan1', 3, 'character varying', 'varchar', 'YES', None)
('dwh_prod', 'mitemerp', 'satuan2', 4, 'character varying', 'varchar', 'YES', None)
('dwh_prod', 'mitemerp', 'uomratio1', 5, 'numeric', 'numeric', 'YES', None)
('dwh_prod', 'mitemerp', 'type', 6, 'character varying', 'varchar', 'YES', None)
('dwh_prod', 'mitemerp', 'subbrand', 7, 'character varying', 'varchar', 'YES', None)
('dwh_prod', 'mitemerp', 'flag_aktif', 8, 'character varying', 'varchar', 'YES', None)
('dwh_prod', 'mitemerp', 'mg2', 9, 'character varying', 'varchar', 'YES', None)
('dwh_prod', 'mitemerp', 'mg5', 10, 'character varying', 'varchar', 'YES', None)
('dwh_prod', 'mt_daily_updateasw', 'sellingpointcode', 1, 'character varying', 'varchar', 'YES', None)
('dwh_prod', 'mt_daily_updateasw', 'sellingpointname', 2, 'character varying', 'varchar', 'YES', None)
('dwh_prod', 'mt_daily_updateasw', 'invoice_date', 3, 'date', 'date', 'YES', None)
('dwh_prod', 'mt_daily_updateasw', 'kota', 4, 'character varying', 'varchar', 'YES', None)
('dwh_prod', 'mt_daily_updateasw', 'updated', 6, 'integer', 'int4', 'YES', None)
('dwh_prod', 'mt_daily_updateina', 'sellingpointcode', 1, 'character varying', 'varchar', 'YES', None)
('dwh_prod', 'mt_daily_updateina', 'sellingpointname', 2, 'character varying', 'varchar', 'YES', None)
('dwh_prod', 'mt_daily_updateina', 'invoice_date', 3, 'date', 'date', 'YES', None)
('dwh_prod', 'mt_daily_updateina', 'kota', 4, 'character varying', 'varchar', 'YES', None)
('dwh_prod', 'mt_daily_updateina', 'updated', 6, 'integer', 'int4', 'YES', None)
('dwh_prod', 'mt_daily_updatestockasw', 'sellingpointcode', 1, 'character varying', 'varchar', 'YES', None)
('dwh_prod', 'mt_daily_updatestockasw', 'sellingpointname', 2, 'character varying', 'varchar', 'YES', None)
('dwh_prod', 'mt_daily_updatestockasw', 'kota', 3, 'character varying', 'varchar', 'YES', None)
('dwh_prod', 'mt_daily_updatestockasw', 'stockupdatedate', 4, 'date', 'date', 'YES', None)
('dwh_prod', 'mt_daily_updatestockasw', 'updated', 5, 'integer', 'int4', 'YES', None)
('dwh_prod', 'mt_daily_updatestockina', 'sellingpointcode', 1, 'character varying', 'varchar', 'YES', None)
('dwh_prod', 'mt_daily_updatestockina', 'sellingpointname', 2, 'character varying', 'varchar', 'YES', None)
('dwh_prod', 'mt_daily_updatestockina', 'kota', 3, 'character varying', 'varchar', 'YES', None)
('dwh_prod', 'mt_daily_updatestockina', 'stockupdatedate', 4, 'date', 'date', 'YES', None)
('dwh_prod', 'mt_daily_updatestockina', 'updated', 5, 'integer', 'int4', 'YES', None)
('dwh_prod', 'rpt_visit_an_d', 'rid', 1, 'character varying', 'varchar', 'YES', None)
('dwh_prod', 'rpt_visit_an_d', 'eid', 2, 'character varying', 'varchar', 'YES', None)
('dwh_prod', 'rpt_visit_an_d', 'bid', 3, 'character varying', 'varchar', 'YES', None)
('dwh_prod', 'rpt_visit_an_d', 'muid', 4, 'character varying', 'varchar', 'YES', None)
('dwh_prod', 'rpt_visit_an_d', 'custno', 5, 'character varying', 'varchar', 'YES', None)
('dwh_prod', 'rpt_visit_an_d', 'tanggal', 6, 'date', 'date', 'YES', None)
('dwh_prod', 'rpt_visit_an_d', 'time_go', 7, 'timestamp without time zone', 'timestamp', 'YES', None)
('dwh_prod', 'rpt_visit_an_d', 'time_in', 8, 'timestamp without time zone', 'timestamp', 'YES', None)
('dwh_prod', 'rpt_visit_an_d', 'docno', 9, 'character varying', 'varchar', 'YES', None)
('dwh_prod', 'rpt_visit_an_d', 'pcode', 10, 'character varying', 'varchar', 'YES', None)
('dwh_prod', 'rpt_visit_an_d', 'qty', 11, 'integer', 'int4', 'YES', None)
('dwh_prod', 'rpt_visit_an_d', 'amount', 12, 'numeric', 'numeric', 'YES', None)
('dwh_prod', 'rpt_visit_an_d', 'f_bonus', 13, 'character varying', 'varchar', 'YES', None)
('dwh_prod', 'rpt_visit_an_d', 'trx_type', 14, 'character varying', 'varchar', 'YES', None)
('dwh_prod', 'rpt_visit_an_d', 'cby', 15, 'character varying', 'varchar', 'YES', None)
('dwh_prod', 'rpt_visit_an_d', 'mby', 16, 'character varying', 'varchar', 'YES', None)
('dwh_prod', 'rpt_visit_an_d', 'cdate', 17, 'timestamp without time zone', 'timestamp', 'YES', None)
('dwh_prod', 'rpt_visit_an_d', 'mdate', 18, 'timestamp without time zone', 'timestamp', 'YES', None)
('dwh_prod', 'rpt_visit_an_d', 'id', 19, 'character varying', 'varchar', 'YES', None)
('dwh_prod', 'rpt_visit_an_d', 'pcodename', 20, 'character varying', 'varchar', 'YES', None)
('dwh_prod', 'rpt_visit_an_h', 'id', 1, 'integer', 'int4', 'YES', None)
('dwh_prod', 'rpt_visit_an_h', 'rid', 2, 'character varying', 'varchar', 'YES', None)
('dwh_prod', 'rpt_visit_an_h', 'rname', 3, 'character varying', 'varchar', 'YES', "''::character varying")
('dwh_prod', 'rpt_visit_an_h', 'eid', 4, 'character varying', 'varchar', 'YES', None)
('dwh_prod', 'rpt_visit_an_h', 'ename', 5, 'character varying', 'varchar', 'YES', "''::character varying")
('dwh_prod', 'rpt_visit_an_h', 'bid', 6, 'character varying', 'varchar', 'YES', None)
('dwh_prod', 'rpt_visit_an_h', 'bname', 7, 'character varying', 'varchar', 'YES', "''::character varying")
('dwh_prod', 'rpt_visit_an_h', 'muid', 8, 'character varying', 'varchar', 'YES', None)
('dwh_prod', 'rpt_visit_an_h', 'muname', 9, 'character varying', 'varchar', 'YES', "''::character varying")
('dwh_prod', 'rpt_visit_an_h', 'custno', 10, 'character varying', 'varchar', 'YES', None)
('dwh_prod', 'rpt_visit_an_h', 'custname', 11, 'character varying', 'varchar', 'YES', "''::character varying")
('dwh_prod', 'rpt_visit_an_h', 'custadd1', 12, 'character varying', 'varchar', 'YES', "''::character varying")
('dwh_prod', 'rpt_visit_an_h', 'custadd2', 13, 'character varying', 'varchar', 'YES', "''::character varying")
('dwh_prod', 'rpt_visit_an_h', 'ccity', 14, 'character varying', 'varchar', 'YES', "''::character varying")
('dwh_prod', 'rpt_visit_an_h', 'ccontact', 15, 'character varying', 'varchar', 'YES', "''::character varying")
('dwh_prod', 'rpt_visit_an_h', 'cphone1', 16, 'character varying', 'varchar', 'YES', "''::character varying")
('dwh_prod', 'rpt_visit_an_h', 'cfaxno', 17, 'character varying', 'varchar', 'YES', "''::character varying")
('dwh_prod', 'rpt_visit_an_h', 'custno_prc', 18, 'character varying', 'varchar', 'YES', None)
('dwh_prod', 'rpt_visit_an_h', 'typeout_prc', 19, 'character varying', 'varchar', 'YES', None)
('dwh_prod', 'rpt_visit_an_h', 'indusid_prc', 20, 'character varying', 'varchar', 'YES', None)
('dwh_prod', 'rpt_visit_an_h', 'classid_prc', 21, 'character varying', 'varchar', 'YES', None)
('dwh_prod', 'rpt_visit_an_h', 'gdisc_prc', 22, 'character varying', 'varchar', 'YES', None)
('dwh_prod', 'rpt_visit_an_h', 'team', 23, 'character varying', 'varchar', 'YES', "''::character varying")
('dwh_prod', 'rpt_visit_an_h', 'teamname', 24, 'character varying', 'varchar', 'YES', "''::character varying")
('dwh_prod', 'rpt_visit_an_h', 'tanggal', 25, 'date', 'date', 'YES', None)
('dwh_prod', 'rpt_visit_an_h', 'time_go', 26, 'timestamp without time zone', 'timestamp', 'YES', None)
('dwh_prod', 'rpt_visit_an_h', 'time_in', 27, 'timestamp without time zone', 'timestamp', 'YES', None)
('dwh_prod', 'rpt_visit_an_h', 'time_out', 28, 'timestamp without time zone', 'timestamp', 'YES', None)
('dwh_prod', 'rpt_visit_an_h', 'time_back', 29, 'timestamp without time zone', 'timestamp', 'YES', None)
('dwh_prod', 'rpt_visit_an_h', 'time_consume', 30, 'time without time zone', 'time', 'YES', None)
('dwh_prod', 'rpt_visit_an_h', 'time_travel', 31, 'time without time zone', 'time', 'YES', None)
('dwh_prod', 'rpt_visit_an_h', 'dist_travel', 32, 'integer', 'int4', 'YES', None)
('dwh_prod', 'rpt_visit_an_h', 'time_pause', 33, 'time without time zone', 'time', 'YES', None)
('dwh_prod', 'rpt_visit_an_h', 'time_consume_pause', 34, 'time without time zone', 'time', 'YES', None)
('dwh_prod', 'rpt_visit_an_h', 'order_qty', 35, 'integer', 'int4', 'YES', None)
('dwh_prod', 'rpt_visit_an_h', 'order_val', 36, 'numeric', 'numeric', 'YES', None)
('dwh_prod', 'rpt_visit_an_h', 'jual_qty', 37, 'integer', 'int4', 'YES', None)
('dwh_prod', 'rpt_visit_an_h', 'jual_val', 38, 'numeric', 'numeric', 'YES', None)
('dwh_prod', 'rpt_visit_an_h', 'total_item', 39, 'integer', 'int4', 'YES', None)
('dwh_prod', 'rpt_visit_an_h', 'flag_pjp', 40, 'character varying', 'varchar', 'YES', None)
('dwh_prod', 'rpt_visit_an_h', 'flag_visit', 41, 'character varying', 'varchar', 'YES', None)
('dwh_prod', 'rpt_visit_an_h', 'flag_ec', 42, 'character varying', 'varchar', 'YES', None)
('dwh_prod', 'rpt_visit_an_h', 'flag_pause', 43, 'character varying', 'varchar', 'YES', None)
('dwh_prod', 'rpt_visit_an_h', 'flag_buy', 44, 'character varying', 'varchar', 'YES', None)
('dwh_prod', 'rpt_visit_an_h', 'flag_back', 45, 'character varying', 'varchar', 'YES', None)
('dwh_prod', 'rpt_visit_an_h', 'flag_activity', 46, 'character varying', 'varchar', 'YES', None)
('dwh_prod', 'rpt_visit_an_h', 'flag_kirim', 47, 'character varying', 'varchar', 'YES', None)
('dwh_prod', 'rpt_visit_an_h', 'm_la', 48, 'numeric', 'numeric', 'YES', None)
('dwh_prod', 'rpt_visit_an_h', 'm_lg', 49, 'numeric', 'numeric', 'YES', None)
('dwh_prod', 'rpt_visit_an_h', 'v_la', 50, 'numeric', 'numeric', 'YES', None)
('dwh_prod', 'rpt_visit_an_h', 'v_lg', 51, 'numeric', 'numeric', 'YES', None)
('dwh_prod', 'rpt_visit_an_h', 'notes', 52, 'character varying', 'varchar', 'YES', None)
('dwh_prod', 'rpt_visit_an_h', 'cby', 53, 'character varying', 'varchar', 'YES', None)
('dwh_prod', 'rpt_visit_an_h', 'mby', 54, 'character varying', 'varchar', 'YES', None)
('dwh_prod', 'rpt_visit_an_h', 'cdate', 55, 'timestamp without time zone', 'timestamp', 'YES', None)
('dwh_prod', 'rpt_visit_an_h', 'mdate', 56, 'timestamp without time zone', 'timestamp', 'YES', None)
('dwh_prod', 'rpt_visit_an_h', 'polarute', 57, 'character varying', 'varchar', 'YES', None)
('dwh_prod', 'rpt_visit_an_h', 'TYPE', 58, 'character varying', 'varchar', 'YES', None)
('dwh_prod', 'rpt_visit_an_h', 'typename', 59, 'character varying', 'varchar', 'YES', None)
('dwh_prod', 'rpt_visit_an_h', 'photoname', 60, 'character varying', 'varchar', 'YES', None)
('dwh_prod', 'rpt_visit_an_h', 'seq_route', 61, 'character varying', 'varchar', 'YES', None)
('dwh_prod', 'rpt_visit_an_h', 'flag_phone', 62, 'character varying', 'varchar', 'YES', "'N'::character varying")
('dwh_prod', 'sap_web_inv_sfa', 'slsno', 1, 'character varying', 'varchar', 'YES', "''::character varying")
('dwh_prod', 'sap_web_inv_sfa', 'custno', 2, 'character varying', 'varchar', 'YES', "''::character varying")
('dwh_prod', 'sap_web_inv_sfa', 'sfa_order_no', 3, 'character varying', 'varchar', 'YES', "''::character varying")
('dwh_prod', 'sap_web_inv_sfa', 'sfa_order_date', 4, 'character varying', 'varchar', 'YES', None)
('dwh_prod', 'sap_web_inv_sfa', 'orderno', 5, 'character varying', 'varchar', 'YES', "''::character varying")
('dwh_prod', 'sap_web_inv_sfa', 'order_date', 6, 'character varying', 'varchar', 'YES', None)
('dwh_prod', 'sap_web_inv_sfa', 'invoice_no', 7, 'character varying', 'varchar', 'YES', "''::character varying")
('dwh_prod', 'sap_web_inv_sfa', 'invoice_date', 8, 'date', 'date', 'YES', None)
('dwh_prod', 'sap_web_inv_sfa', 'pcode', 9, 'character varying', 'varchar', 'YES', "''::character varying")
('dwh_prod', 'sap_web_inv_sfa', 'qty', 10, 'integer', 'int4', 'YES', '0')
('dwh_prod', 'sap_web_inv_sfa', 'price', 11, 'double precision', 'float8', 'YES', '0')
('dwh_prod', 'sap_web_inv_sfa', 'invamount', 12, 'double precision', 'float8', 'YES', '0')
('dwh_prod', 'sap_web_inv_sfa', 'kodecabang', 13, 'character varying', 'varchar', 'YES', None)
('dwh_prod', 'sap_web_inv_sfa', 'ref_cn', 14, 'character varying', 'varchar', 'YES', "''::character varying")
('dwh_prod', 'sap_web_inv_sfa', 'inv_type', 15, 'character varying', 'varchar', 'YES', "''::character varying")
('dwh_prod', 'sap_web_inv_sfa', 'diskon', 16, 'double precision', 'float8', 'YES', '0')
('dwh_prod', 'sap_web_inv_sfa', 'updatedate', 17, 'character varying', 'varchar', 'YES', None)
('dwh_prod', 'sap_web_inv_sfa', 'updateby', 18, 'character varying', 'varchar', 'YES', "''::character varying")
('dwh_prod', 'sap_web_inv_sfa', 'invoiceno', 19, 'character varying', 'varchar', 'YES', "''::character varying")
('dwh_prod', 'sap_web_inv_sfa', 'flag_exp', 20, 'character varying', 'varchar', 'YES', "'N'::character varying")
('dwh_prod', 'sap_web_inv_sfa', 'bonus', 21, 'double precision', 'float8', 'YES', '0')
('dwh_prod', 'sap_web_inv_sfa', 'flag_bonus', 22, 'character varying', 'varchar', 'YES', "'N'::character varying")
('dwh_prod', 'sap_web_inv_sfa', 'doctotal', 23, 'double precision', 'float8', 'YES', None)
('dwh_prod', 'sap_web_inv_sfa', 'claim_prcs', 24, 'character varying', 'varchar', 'YES', "'N'::character varying")
('dwh_prod', 'sap_web_inv_sfa', 'qty2', 25, 'integer', 'int4', 'YES', '0')
('dwh_prod', 'sap_web_inv_sfa', 'qty3', 26, 'integer', 'int4', 'YES', '0')
('dwh_prod', 'sap_web_inv_sfa', 'qty4', 27, 'integer', 'int4', 'YES', '0')
('dwh_prod', 'sap_web_inv_sfa', 'qty5', 28, 'integer', 'int4', 'YES', '0')
('dwh_prod', 'sap_web_inv_sfa', 'diskon2', 29, 'double precision', 'float8', 'YES', '0')
('dwh_prod', 'sap_web_inv_sfa', 'diskon3', 30, 'double precision', 'float8', 'YES', '0')
('dwh_prod', 'sap_web_inv_sfa', 'diskon4', 31, 'double precision', 'float8', 'YES', '0')
('dwh_prod', 'sap_web_inv_sfa', 'diskon5', 32, 'double precision', 'float8', 'YES', '0')
('dwh_prod', 'sap_web_inv_sfa', 'diskon6', 33, 'double precision', 'float8', 'YES', '0')
('dwh_prod', 'sap_web_inv_sfa', 'diskon7', 34, 'double precision', 'float8', 'YES', '0')
('dwh_prod', 'sap_web_inv_sfa', 'diskon8', 35, 'double precision', 'float8', 'YES', '0')
('dwh_prod', 'sap_web_inv_sfa', 'total_disc', 36, 'double precision', 'float8', 'YES', '0')
('dwh_prod', 'sap_web_inv_sfa', 'dpp', 37, 'double precision', 'float8', 'YES', '0')
('dwh_prod', 'sap_web_inv_sfa', 'tax', 38, 'double precision', 'float8', 'YES', '0')
('dwh_prod', 'sap_web_inv_sfa', 'nett', 39, 'double precision', 'float8', 'YES', '0')
('dwh_prod', 'sap_web_inv_sfa', 'qty1', 40, 'integer', 'int4', 'YES', '0')
('dwh_prod', 'sap_web_inv_sfa', 'diskon1', 41, 'double precision', 'float8', 'YES', '0')
('dwh_prod', 'sellinascend', 'invoicedetailid', 1, 'integer', 'int4', 'NO', None)
('dwh_prod', 'sellinascend', 'Customer Area', 2, 'text', 'text', 'YES', None)
('dwh_prod', 'sellinascend', 'Customer Code', 3, 'character varying', 'varchar', 'YES', None)
('dwh_prod', 'sellinascend', 'Customer Name', 4, 'character varying', 'varchar', 'YES', None)
('dwh_prod', 'sellinascend', 'Invoice Number', 5, 'character varying', 'varchar', 'YES', None)
('dwh_prod', 'sellinascend', 'Factory Out Date', 6, 'date', 'date', 'YES', None)
('dwh_prod', 'sellinascend', 'invoicedate', 7, 'date', 'date', 'YES', None)
('dwh_prod', 'sellinascend', 'Due Date', 8, 'date', 'date', 'YES', None)
('dwh_prod', 'sellinascend', 'Item Code', 9, 'character varying', 'varchar', 'YES', None)
('dwh_prod', 'sellinascend', 'Item Name', 10, 'character varying', 'varchar', 'YES', None)
('dwh_prod', 'sellinascend', 'Line Total After Tax (Local)', 11, 'numeric', 'numeric', 'YES', None)
('dwh_prod', 'sellinascend', 'Smallest Quantity', 12, 'numeric', 'numeric', 'YES', None)
('dwh_prod', 'sellinascend', 'Major Quantity', 13, 'numeric', 'numeric', 'YES', None)
('dwh_prod', 'sellinascend', 'Type', 14, 'character varying', 'varchar', 'YES', None)
('dwh_prod', 'sellinascend', 'Warehouse Name', 15, 'character varying', 'varchar', 'YES', None)
('dwh_prod', 'sellinascend', 'Invoice Type', 16, 'character varying', 'varchar', 'YES', None)
('dwh_prod', 'sellinascend', 'city', 17, 'character varying', 'varchar', 'YES', None)
('dwh_prod', 'sellinascend', 'region', 18, 'character varying', 'varchar', 'YES', None)
('dwh_prod', 'sellinascend', 'Customer Region', 19, 'character varying', 'varchar', 'YES', None)
('dwh_prod', 'sellinerp', 'invoicedetailid', 1, 'integer', 'int4', 'NO', None)
('dwh_prod', 'sellinerp', 'city', 2, 'text', 'text', 'YES', None)
('dwh_prod', 'sellinerp', 'distributorcode', 3, 'character varying', 'varchar', 'YES', None)
('dwh_prod', 'sellinerp', 'distributorname', 4, 'character varying', 'varchar', 'YES', None)
('dwh_prod', 'sellinerp', 'sellingtype', 5, 'character varying', 'varchar', 'YES', None)
('dwh_prod', 'sellinerp', 'invoicedate', 6, 'timestamp without time zone', 'timestamp', 'YES', None)
('dwh_prod', 'sellinerp', 'invoicenumber', 7, 'character varying', 'varchar', 'YES', None)
('dwh_prod', 'sellinerp', 'itemcode', 8, 'character varying', 'varchar', 'YES', None)
('dwh_prod', 'sellinerp', 'itemname', 9, 'character varying', 'varchar', 'YES', None)
('dwh_prod', 'sellinerp', 'type', 10, 'character varying', 'varchar', 'YES', None)
('dwh_prod', 'sellinerp', 'qtyktn', 11, 'double precision', 'float8', 'YES', None)
('dwh_prod', 'sellinerp', 'qtypcs', 12, 'double precision', 'float8', 'YES', None)
('dwh_prod', 'sellinerp', 'grossamount', 13, 'double precision', 'float8', 'YES', None)
('dwh_prod', 'sellinerp', 'harga', 14, 'numeric', 'numeric', 'YES', None)
('dwh_prod', 'sellinerp', 'disc1', 15, 'double precision', 'float8', 'YES', None)
('dwh_prod', 'sellinerp', 'disc2', 16, 'double precision', 'float8', 'YES', None)
('dwh_prod', 'sellinerp', 'disc3', 17, 'double precision', 'float8', 'YES', None)
('dwh_prod', 'sellinerp', 'nettamountppn', 18, 'double precision', 'float8', 'YES', None)
('dwh_prod', 't_visit', 'rid', 1, 'character varying', 'varchar', 'YES', None)
('dwh_prod', 't_visit', 'rname', 2, 'character varying', 'varchar', 'YES', "''::character varying")
('dwh_prod', 't_visit', 'eid', 3, 'character varying', 'varchar', 'YES', None)
('dwh_prod', 't_visit', 'ename', 4, 'character varying', 'varchar', 'YES', "''::character varying")
('dwh_prod', 't_visit', 'bid', 5, 'character varying', 'varchar', 'YES', None)
('dwh_prod', 't_visit', 'bname', 6, 'character varying', 'varchar', 'YES', "''::character varying")
('dwh_prod', 't_visit', 'muid', 7, 'character varying', 'varchar', 'YES', None)
('dwh_prod', 't_visit', 'muname', 8, 'character varying', 'varchar', 'YES', "''::character varying")
('dwh_prod', 't_visit', 'team', 9, 'character varying', 'varchar', 'YES', "''::character varying")
('dwh_prod', 't_visit', 'teamname', 10, 'character varying', 'varchar', 'YES', "''::character varying")
('dwh_prod', 't_visit', 'vst_date', 11, 'date', 'date', 'YES', None)
('dwh_prod', 't_visit', 'target', 12, 'integer', 'int4', 'YES', None)
('dwh_prod', 't_visit', 't_plan', 13, 'integer', 'int4', 'YES', None)
('dwh_prod', 't_visit', 't_call', 14, 'integer', 'int4', 'YES', None)
('dwh_prod', 't_visit', 't_call_plan', 15, 'integer', 'int4', 'YES', None)
('dwh_prod', 't_visit', 't_call_nplan', 16, 'integer', 'int4', 'YES', None)
('dwh_prod', 't_visit', 't_ec', 17, 'integer', 'int4', 'YES', None)
('dwh_prod', 't_visit', 't_ec_plan', 18, 'integer', 'int4', 'YES', None)
('dwh_prod', 't_visit', 't_ec_nplan', 19, 'integer', 'int4', 'YES', None)
('dwh_prod', 't_visit', 't_ord_qty', 20, 'integer', 'int4', 'YES', None)
('dwh_prod', 't_visit', 't_ord_val', 21, 'numeric', 'numeric', 'YES', None)
('dwh_prod', 't_visit', 't_sal_qty', 22, 'integer', 'int4', 'YES', None)
('dwh_prod', 't_visit', 't_sal_val', 23, 'numeric', 'numeric', 'YES', None)
('dwh_prod', 't_visit', 'km_start', 24, 'integer', 'int4', 'YES', None)
('dwh_prod', 't_visit', 'km_end', 25, 'integer', 'int4', 'YES', None)
('dwh_prod', 't_visit', 'timeback', 26, 'timestamp without time zone', 'timestamp', 'YES', None)
('dwh_prod', 't_visit', 'timedistri', 27, 'timestamp without time zone', 'timestamp', 'YES', None)
('dwh_prod', 't_visit', 'timego', 28, 'timestamp without time zone', 'timestamp', 'YES', None)
('dwh_prod', 't_visit', 't_ord_item', 29, 'integer', 'int4', 'YES', '0')
('dwh_prod', 't_visit', 't_sal_item', 30, 'integer', 'int4', 'YES', None)
('dwh_prod', 't_visit', 'target_item', 31, 'integer', 'int4', 'YES', None)
('dwh_prod', 't_visit', 'idle_count', 32, 'integer', 'int4', 'YES', '0')
('dwh_prod', 't_visit', 'created_at', 33, 'timestamp without time zone', 'timestamp', 'YES', 'CURRENT_TIMESTAMP')
('dwh_prod', 'target_order_monthly', 'periode', 1, 'text', 'text', 'YES', None)
('dwh_prod', 'target_order_monthly', 'kodecabang', 2, 'text', 'text', 'YES', None)
('dwh_prod', 'target_order_monthly', 'slsno', 3, 'text', 'text', 'YES', None)
('dwh_prod', 'target_order_monthly', 'custno', 4, 'text', 'text', 'YES', None)
('dwh_prod', 'target_order_monthly', 'targetmqty', 5, 'double precision', 'float8', 'YES', None)
('dwh_prod', 'target_order_monthly', 'targetmval', 6, 'double precision', 'float8', 'YES', None)
('dwh_prod', 'target_order_monthly', 'ordermqty', 7, 'double precision', 'float8', 'YES', None)
('dwh_prod', 'target_order_monthly', 'ordermval', 8, 'double precision', 'float8', 'YES', None)
('dwh_prod', 'target_order_monthly', 'invmqty', 9, 'double precision', 'float8', 'YES', None)
('dwh_prod', 'target_order_monthly', 'invmval', 10, 'double precision', 'float8', 'YES', None)
('dwh_prod', 'targetdistexcl', 'regioncode', 1, 'character varying', 'varchar', 'YES', None)
('dwh_prod', 'targetdistexcl', 'regionname', 2, 'character varying', 'varchar', 'YES', None)
('dwh_prod', 'targetdistexcl', 'areacode', 3, 'character varying', 'varchar', 'YES', None)
('dwh_prod', 'targetdistexcl', 'areaname', 4, 'character varying', 'varchar', 'YES', None)
('dwh_prod', 'targetdistexcl', 'spvareacode', 5, 'character varying', 'varchar', 'YES', None)
('dwh_prod', 'targetdistexcl', 'spvareaname', 6, 'character varying', 'varchar', 'YES', None)
('dwh_prod', 'targetdistexcl', 'homebase', 7, 'character varying', 'varchar', 'YES', None)
('dwh_prod', 'targetdistexcl', 'distributorcode', 8, 'character varying', 'varchar', 'YES', None)
('dwh_prod', 'targetdistexcl', 'distributorname', 9, 'character varying', 'varchar', 'YES', None)
('dwh_prod', 'targetdistexcl', 'bulan', 10, 'date', 'date', 'YES', None)
('dwh_prod', 'targetdistexcl', 'targetsellinreg', 11, 'numeric', 'numeric', 'YES', None)
('dwh_prod', 'targetdistexcl', 'targetsellinfes', 12, 'numeric', 'numeric', 'YES', None)
('dwh_prod', 'targetdistexcl', 'totaltargetsellin', 13, 'numeric', 'numeric', 'YES', None)
('dwh_prod', 'targetdistexcl', 'targetselloutreg', 14, 'numeric', 'numeric', 'YES', None)
('dwh_prod', 'targetdistexcl', 'targetselloutfes', 15, 'numeric', 'numeric', 'YES', None)
('dwh_prod', 'targetdistexcl', 'totaltargetsellout', 16, 'numeric', 'numeric', 'YES', None)
('dwh_prod', 'targetdistexcl', 'realsellinreg', 17, 'numeric', 'numeric', 'YES', None)
('dwh_prod', 'targetdistexcl', 'realsellinfes', 18, 'numeric', 'numeric', 'YES', None)
('dwh_prod', 'targetdistexcl', 'totalrealsellin', 19, 'numeric', 'numeric', 'YES', None)
('dwh_prod', 'targetdistexcl', 'realselloutreg', 20, 'numeric', 'numeric', 'YES', None)
('dwh_prod', 'targetdistexcl', 'realselloutfes', 21, 'numeric', 'numeric', 'YES', None)
('dwh_prod', 'targetdistexcl', 'totalrealsellout', 22, 'numeric', 'numeric', 'YES', None)
('dwh_prod', 'targetdistributoreska', 'regioncode', 1, 'text', 'text', 'YES', None)
('dwh_prod', 'targetdistributoreska', 'regionname', 2, 'text', 'text', 'YES', None)
('dwh_prod', 'targetdistributoreska', 'areacode', 3, 'text', 'text', 'YES', None)
('dwh_prod', 'targetdistributoreska', 'areaname', 4, 'text', 'text', 'YES', None)
('dwh_prod', 'targetdistributoreska', 'spvareacode', 5, 'text', 'text', 'YES', None)
('dwh_prod', 'targetdistributoreska', 'spvareaname', 6, 'text', 'text', 'YES', None)
('dwh_prod', 'targetdistributoreska', 'homebase', 7, 'text', 'text', 'YES', None)
('dwh_prod', 'targetdistributoreska', 'distributorcode', 8, 'text', 'text', 'YES', None)
('dwh_prod', 'targetdistributoreska', 'distributorname', 9, 'text', 'text', 'YES', None)
('dwh_prod', 'targetdistributoreska', 'bulan', 10, 'date', 'date', 'YES', None)
('dwh_prod', 'targetdistributoreska', 'targetsellinreg', 11, 'double precision', 'float8', 'YES', None)
('dwh_prod', 'targetdistributoreska', 'targetsellinfes', 12, 'double precision', 'float8', 'YES', None)
('dwh_prod', 'targetdistributoreska', 'totaltargetsellin', 13, 'double precision', 'float8', 'YES', None)
('dwh_prod', 'targetdistributoreska', 'targetselloutreg', 14, 'double precision', 'float8', 'YES', None)
('dwh_prod', 'targetdistributoreska', 'targetselloutfes', 15, 'double precision', 'float8', 'YES', None)
('dwh_prod', 'targetdistributoreska', 'totaltargetsellout', 16, 'double precision', 'float8', 'YES', None)
('dwh_prod', 'targetdistributoreska', 'realsellinreg', 17, 'double precision', 'float8', 'YES', None)
('dwh_prod', 'targetdistributoreska', 'realsellinfes', 18, 'double precision', 'float8', 'YES', None)
('dwh_prod', 'targetdistributoreska', 'totalrealsellin', 19, 'double precision', 'float8', 'YES', None)
('dwh_prod', 'targetdistributoreska', 'realselloutreg', 20, 'double precision', 'float8', 'YES', None)
('dwh_prod', 'targetdistributoreska', 'realselloutfes', 21, 'double precision', 'float8', 'YES', None)
('dwh_prod', 'targetdistributoreska', 'totalrealsellout', 22, 'double precision', 'float8', 'YES', None)
('dwh_prod', 'targetdistributoreskaina', 'regioncode', 1, 'text', 'text', 'YES', None)
('dwh_prod', 'targetdistributoreskaina', 'regionname', 2, 'text', 'text', 'YES', None)
('dwh_prod', 'targetdistributoreskaina', 'areacode', 3, 'text', 'text', 'YES', None)
('dwh_prod', 'targetdistributoreskaina', 'areaname', 4, 'text', 'text', 'YES', None)
('dwh_prod', 'targetdistributoreskaina', 'spvareacode', 5, 'text', 'text', 'YES', None)
('dwh_prod', 'targetdistributoreskaina', 'spvareaname', 6, 'text', 'text', 'YES', None)
('dwh_prod', 'targetdistributoreskaina', 'homebase', 7, 'text', 'text', 'YES', None)
('dwh_prod', 'targetdistributoreskaina', 'distributorcode', 8, 'text', 'text', 'YES', None)
('dwh_prod', 'targetdistributoreskaina', 'distributorname', 9, 'text', 'text', 'YES', None)
('dwh_prod', 'targetdistributoreskaina', 'bulan', 10, 'timestamp without time zone', 'timestamp', 'YES', None)
('dwh_prod', 'targetdistributoreskaina', 'targetsellinreg', 11, 'double precision', 'float8', 'YES', None)
('dwh_prod', 'targetdistributoreskaina', 'targetsellinfes', 12, 'double precision', 'float8', 'YES', None)
('dwh_prod', 'targetdistributoreskaina', 'totaltargetsellin', 13, 'double precision', 'float8', 'YES', None)
('dwh_prod', 'targetdistributoreskaina', 'targetselloutreg', 14, 'double precision', 'float8', 'YES', None)
('dwh_prod', 'targetdistributoreskaina', 'targetselloutfes', 15, 'double precision', 'float8', 'YES', None)
('dwh_prod', 'targetdistributoreskaina', 'totaltargetsellout', 16, 'double precision', 'float8', 'YES', None)
('dwh_prod', 'targetdistributoreskaina', 'realsellinreg', 17, 'double precision', 'float8', 'YES', None)
('dwh_prod', 'targetdistributoreskaina', 'realsellinfes', 18, 'double precision', 'float8', 'YES', None)
('dwh_prod', 'targetdistributoreskaina', 'totalrealsellin', 19, 'double precision', 'float8', 'YES', None)
('dwh_prod', 'targetdistributoreskaina', 'realselloutreg', 20, 'double precision', 'float8', 'YES', None)
('dwh_prod', 'targetdistributoreskaina', 'realselloutfes', 21, 'double precision', 'float8', 'YES', None)
('dwh_prod', 'targetdistributoreskaina', 'totalrealsellout', 22, 'double precision', 'float8', 'YES', None)
('dwh_prod', 'targetrwoasw', 'sellingpointcode', 1, 'text', 'text', 'YES', None)
('dwh_prod', 'targetrwoasw', 'sellingpointname', 2, 'text', 'text', 'YES', None)
('dwh_prod', 'targetrwoasw', 'custno', 3, 'text', 'text', 'YES', None)
('dwh_prod', 'targetrwoasw', 'custname', 4, 'text', 'text', 'YES', None)
('dwh_prod', 'targetrwoasw', 'kota', 5, 'text', 'text', 'YES', None)
('dwh_prod', 'targetrwoasw', 'periode', 6, 'date', 'date', 'YES', None)
('dwh_prod', 'targetrwoasw', 'categorypilar', 7, 'text', 'text', 'YES', None)
('dwh_prod', 'targetrwoasw', 'targetvaluerwo', 8, 'double precision', 'float8', 'YES', None)
('dwh_prod', 'targetrwoina', 'sellingpointcode', 1, 'text', 'text', 'YES', None)
('dwh_prod', 'targetrwoina', 'sellingpointname', 2, 'text', 'text', 'YES', None)
('dwh_prod', 'targetrwoina', 'custno', 3, 'text', 'text', 'YES', None)
('dwh_prod', 'targetrwoina', 'custname', 4, 'text', 'text', 'YES', None)
('dwh_prod', 'targetrwoina', 'kota', 5, 'text', 'text', 'YES', None)
('dwh_prod', 'targetrwoina', 'periode', 6, 'timestamp without time zone', 'timestamp', 'YES', None)
('dwh_prod', 'targetrwoina', 'categorypilar', 7, 'text', 'text', 'YES', None)
('dwh_prod', 'targetrwoina', 'targetvaluerwo', 8, 'double precision', 'float8', 'YES', None)
('dwh_prod', 'targetrwoina', 'target', 9, 'character varying', 'varchar', 'YES', None)
('dwh_prod', 'tsellinsellouteska2425', 'sellingpointcode', 1, 'text', 'text', 'YES', None)
('dwh_prod', 'tsellinsellouteska2425', 'sellingpointname', 2, 'text', 'text', 'YES', None)
('dwh_prod', 'tsellinsellouteska2425', 'branchcode', 3, 'text', 'text', 'YES', None)
('dwh_prod', 'tsellinsellouteska2425', 'branchname', 4, 'text', 'text', 'YES', None)
('dwh_prod', 'tsellinsellouteska2425', 'regioncode', 5, 'text', 'text', 'YES', None)
('dwh_prod', 'tsellinsellouteska2425', 'regionname', 6, 'text', 'text', 'YES', None)
('dwh_prod', 'tsellinsellouteska2425', 'kodearea', 7, 'text', 'text', 'YES', None)
('dwh_prod', 'tsellinsellouteska2425', 'namaarea', 8, 'text', 'text', 'YES', None)
('dwh_prod', 'tsellinsellouteska2425', 'kota', 9, 'text', 'text', 'YES', None)
('dwh_prod', 'tsellinsellouteska2425', 'tahun', 10, 'double precision', 'float8', 'YES', None)
('dwh_prod', 'tsellinsellouteska2425', 'bulan', 11, 'double precision', 'float8', 'YES', None)
('dwh_prod', 'tsellinsellouteska2425', 'periode', 12, 'date', 'date', 'YES', None)
('dwh_prod', 'tsellinsellouteska2425', 'targetqtyeskaslo', 13, 'double precision', 'float8', 'YES', None)
('dwh_prod', 'tsellinsellouteska2425', 'targetvalueeskaslo', 14, 'double precision', 'float8', 'YES', None)
('dwh_prod', 'tsellinsellouteska2425', 'realqtysli', 15, 'double precision', 'float8', 'YES', None)
('dwh_prod', 'tsellinsellouteska2425', 'realqtyslo', 16, 'double precision', 'float8', 'YES', None)
('dwh_prod', 'tsellinsellouteska2425', 'realsellinreg', 17, 'double precision', 'float8', 'YES', None)
('dwh_prod', 'tsellinsellouteska2425', 'realsellinfes', 18, 'double precision', 'float8', 'YES', None)
('dwh_prod', 'tsellinsellouteska2425', 'totalrealsellin', 19, 'double precision', 'float8', 'YES', None)
('dwh_prod', 'tsellinsellouteska2425', 'realselloutreg', 20, 'double precision', 'float8', 'YES', None)
('dwh_prod', 'tsellinsellouteska2425', 'realselloutfes', 21, 'double precision', 'float8', 'YES', None)
('dwh_prod', 'tsellinsellouteska2425', 'totalrealsellout', 22, 'double precision', 'float8', 'YES', None)
('dwh_prod', 'tsellinsellouteska2425', 'targetsellinreg', 23, 'double precision', 'float8', 'YES', None)
('dwh_prod', 'tsellinsellouteska2425', 'targetsellinfes', 24, 'double precision', 'float8', 'YES', None)
('dwh_prod', 'tsellinsellouteska2425', 'totaltargetsellin', 25, 'double precision', 'float8', 'YES', None)
('dwh_prod', 'tsellinsellouteska2425', 'targetselloutreg', 26, 'double precision', 'float8', 'YES', None)
('dwh_prod', 'tsellinsellouteska2425', 'targetselloutfes', 27, 'double precision', 'float8', 'YES', None)
('dwh_prod', 'tsellinsellouteska2425', 'totaltargetsellout', 28, 'double precision', 'float8', 'YES', None)
('dwh_prod', 'tsellinsellouteskaina2425', 'sellingpointcode', 1, 'text', 'text', 'YES', None)
('dwh_prod', 'tsellinsellouteskaina2425', 'sellingpointname', 2, 'text', 'text', 'YES', None)
('dwh_prod', 'tsellinsellouteskaina2425', 'branchcode', 3, 'text', 'text', 'YES', None)
('dwh_prod', 'tsellinsellouteskaina2425', 'branchname', 4, 'text', 'text', 'YES', None)
('dwh_prod', 'tsellinsellouteskaina2425', 'regioncode', 5, 'text', 'text', 'YES', None)
('dwh_prod', 'tsellinsellouteskaina2425', 'regionname', 6, 'text', 'text', 'YES', None)
('dwh_prod', 'tsellinsellouteskaina2425', 'kodearea', 7, 'text', 'text', 'YES', None)
('dwh_prod', 'tsellinsellouteskaina2425', 'namaarea', 8, 'text', 'text', 'YES', None)
('dwh_prod', 'tsellinsellouteskaina2425', 'kota', 9, 'text', 'text', 'YES', None)
('dwh_prod', 'tsellinsellouteskaina2425', 'tahun', 10, 'double precision', 'float8', 'YES', None)
('dwh_prod', 'tsellinsellouteskaina2425', 'bulan', 11, 'double precision', 'float8', 'YES', None)
('dwh_prod', 'tsellinsellouteskaina2425', 'periode', 12, 'timestamp without time zone', 'timestamp', 'YES', None)
('dwh_prod', 'tsellinsellouteskaina2425', 'targetqtyeskaslo', 13, 'double precision', 'float8', 'YES', None)
('dwh_prod', 'tsellinsellouteskaina2425', 'targetvalueeskaslo', 14, 'double precision', 'float8', 'YES', None)
('dwh_prod', 'tsellinsellouteskaina2425', 'realqtysli', 15, 'double precision', 'float8', 'YES', None)
('dwh_prod', 'tsellinsellouteskaina2425', 'realqtyslo', 16, 'double precision', 'float8', 'YES', None)
('dwh_prod', 'tsellinsellouteskaina2425', 'realsellinreg', 17, 'double precision', 'float8', 'YES', None)
('dwh_prod', 'tsellinsellouteskaina2425', 'realsellinfes', 18, 'double precision', 'float8', 'YES', None)
('dwh_prod', 'tsellinsellouteskaina2425', 'totalrealsellin', 19, 'double precision', 'float8', 'YES', None)
('dwh_prod', 'tsellinsellouteskaina2425', 'realselloutreg', 20, 'double precision', 'float8', 'YES', None)
('dwh_prod', 'tsellinsellouteskaina2425', 'realselloutfes', 21, 'double precision', 'float8', 'YES', None)
('dwh_prod', 'tsellinsellouteskaina2425', 'totalrealsellout', 22, 'double precision', 'float8', 'YES', None)
('dwh_prod', 'tsellinsellouteskaina2425', 'targetsellinreg', 23, 'double precision', 'float8', 'YES', None)
('dwh_prod', 'tsellinsellouteskaina2425', 'targetsellinfes', 24, 'double precision', 'float8', 'YES', None)
('dwh_prod', 'tsellinsellouteskaina2425', 'totaltargetsellin', 25, 'double precision', 'float8', 'YES', None)
('dwh_prod', 'tsellinsellouteskaina2425', 'targetselloutreg', 26, 'double precision', 'float8', 'YES', None)
('dwh_prod', 'tsellinsellouteskaina2425', 'targetselloutfes', 27, 'double precision', 'float8', 'YES', None)
('dwh_prod', 'tsellinsellouteskaina2425', 'totaltargetsellout', 28, 'double precision', 'float8', 'YES', None)
('dwh_prod', 'user_hierarky', 'userid', 1, 'character varying', 'varchar', 'NO', None)
('dwh_prod', 'user_hierarky', 'department_userid', 2, 'character varying', 'varchar', 'NO', None)
('dwh_prod', 'user_hierarky', 'parent_userid', 3, 'character varying', 'varchar', 'NO', None)
('dwh_prod', 'user_hierarky', 'department_parentuserid', 4, 'character varying', 'varchar', 'NO', None)
('dwh_prod', 'user_hierarky', 'kodecabang', 5, 'character varying', 'varchar', 'YES', None)
('dwh_prod', 'user_hierarky', 'sls_team', 6, 'character varying', 'varchar', 'YES', None)
('dwh_prod', 'user_hierarky', 'create_dt', 7, 'timestamp without time zone', 'timestamp', 'YES', None)
('dwh_prod', 'user_hierarky', 'update_dt', 8, 'timestamp without time zone', 'timestamp', 'YES', None)
('dwh_prod', 'users', 'id', 1, 'bigint', 'int8', 'NO', None)
('dwh_prod', 'users', 'name', 2, 'character varying', 'varchar', 'NO', None)
('dwh_prod', 'users', 'username', 3, 'character varying', 'varchar', 'NO', None)
('dwh_prod', 'users', 'email', 4, 'character varying', 'varchar', 'NO', None)
('dwh_prod', 'users', 'email_verified_at', 5, 'timestamp without time zone', 'timestamp', 'YES', None)
('dwh_prod', 'users', 'password', 6, 'character varying', 'varchar', 'NO', None)
('dwh_prod', 'users', 'role_id', 7, 'bigint', 'int8', 'NO', None)
('dwh_prod', 'users', 'login_state', 8, 'character varying', 'varchar', 'YES', None)
('dwh_prod', 'users', 'flag_admin', 9, 'boolean', 'bool', 'NO', 'true')
('dwh_prod', 'users', 'flag_sadmin', 10, 'boolean', 'bool', 'NO', 'false')
('dwh_prod', 'users', 'user_level', 11, 'character varying', 'varchar', 'YES', None)
('dwh_prod', 'users', 'level_principle', 12, 'character varying', 'varchar', 'YES', None)
('dwh_prod', 'users', 'remember_token', 13, 'character varying', 'varchar', 'YES', None)
('dwh_prod', 'users', 'created_at', 14, 'timestamp without time zone', 'timestamp', 'YES', None)
('dwh_prod', 'users', 'updated_at', 15, 'timestamp without time zone', 'timestamp', 'YES', None)
('dwh_prod', 'users', 'is_eboard_user', 16, 'character varying', 'varchar', 'YES', "'N'::character varying")
('dwh_prod', 'v_ai_ceo_monthly_diagnostics_v2', 'periode', 1, 'date', 'date', 'YES', None)
('dwh_prod', 'v_ai_ceo_monthly_diagnostics_v2', 'region_count', 2, 'bigint', 'int8', 'YES', None)
('dwh_prod', 'v_ai_ceo_monthly_diagnostics_v2', 'target_sellin', 3, 'numeric', 'numeric', 'YES', None)
('dwh_prod', 'v_ai_ceo_monthly_diagnostics_v2', 'total_sellin', 4, 'numeric', 'numeric', 'YES', None)
('dwh_prod', 'v_ai_ceo_monthly_diagnostics_v2', 'forecast_baseline', 5, 'numeric', 'numeric', 'YES', None)
('dwh_prod', 'v_ai_ceo_monthly_diagnostics_v2', 'forecast_ets', 6, 'numeric', 'numeric', 'YES', None)
('dwh_prod', 'v_ai_ceo_monthly_diagnostics_v2', 'forecast_sarima', 7, 'numeric', 'numeric', 'YES', None)
('dwh_prod', 'v_ai_ceo_monthly_diagnostics_v2', 'forecast_xgboost', 8, 'numeric', 'numeric', 'YES', None)
('dwh_prod', 'v_ai_ceo_monthly_diagnostics_v2', 'forecast_p10', 9, 'numeric', 'numeric', 'YES', None)
('dwh_prod', 'v_ai_ceo_monthly_diagnostics_v2', 'forecast_p50', 10, 'numeric', 'numeric', 'YES', None)
('dwh_prod', 'v_ai_ceo_monthly_diagnostics_v2', 'forecast_p90', 11, 'numeric', 'numeric', 'YES', None)
('dwh_prod', 'v_ai_ceo_monthly_diagnostics_v2', 'current_achievement_pct', 12, 'numeric', 'numeric', 'YES', None)
('dwh_prod', 'v_ai_ceo_monthly_diagnostics_v2', 'achievement_pct_forecast', 13, 'numeric', 'numeric', 'YES', None)
('dwh_prod', 'v_ai_ceo_monthly_diagnostics_v2', 'forecast_gap_to_target', 14, 'numeric', 'numeric', 'YES', None)
('dwh_prod', 'v_ai_ceo_monthly_diagnostics_v2', 'forecast_uncertainty_pct', 15, 'numeric', 'numeric', 'YES', None)
('dwh_prod', 'v_ai_ceo_monthly_diagnostics_v2', 'performance_scenario', 16, 'text', 'text', 'YES', None)
('dwh_prod', 'v_ai_ceo_monthly_diagnostics_v2', 'forecast_scenario', 17, 'text', 'text', 'YES', None)
('dwh_prod', 'v_ai_ceo_monthly_diagnostics_v2', 'priority', 18, 'text', 'text', 'YES', None)
('dwh_prod', 'v_ai_ceo_monthly_diagnostics_v2', 'forecast_shortfall', 19, 'numeric', 'numeric', 'YES', None)
('dwh_prod', 'v_ai_ceo_monthly_diagnostics_v2', 'shortfall_contribution_pct', 20, 'numeric', 'numeric', 'YES', None)
('dwh_prod', 'v_ai_ceo_monthly_diagnostics_v2', 'max_region_model_spread', 21, 'numeric', 'numeric', 'YES', None)
('dwh_prod', 'v_ai_ceo_monthly_diagnostics_v2', 'max_region_model_spread_pct_p50', 22, 'numeric', 'numeric', 'YES', None)
('dwh_prod', 'v_ai_ceo_monthly_diagnostics_v2', 'largest_shortfall_regioncode', 23, 'text', 'text', 'YES', None)
('dwh_prod', 'v_ai_ceo_monthly_diagnostics_v2', 'largest_shortfall_regionname', 24, 'character varying', 'varchar', 'YES', None)
('dwh_prod', 'v_ai_ceo_monthly_diagnostics_v2', 'largest_region_shortfall', 25, 'numeric', 'numeric', 'YES', None)
('dwh_prod', 'v_ai_ceo_monthly_diagnostics_v2', 'largest_region_shortfall_pct_ceo', 26, 'numeric', 'numeric', 'YES', None)
('dwh_prod', 'v_ai_ceo_monthly_diagnostics_v2', 'largest_shortfall_gm_code', 27, 'character varying', 'varchar', 'YES', None)
('dwh_prod', 'v_ai_ceo_monthly_diagnostics_v2', 'largest_shortfall_gm_name', 28, 'character varying', 'varchar', 'YES', None)
('dwh_prod', 'v_ai_ceo_monthly_diagnostics_v2', 'largest_gm_shortfall', 29, 'numeric', 'numeric', 'YES', None)
('dwh_prod', 'v_ai_ceo_monthly_diagnostics_v2', 'largest_gm_shortfall_pct_ceo', 30, 'numeric', 'numeric', 'YES', None)
('dwh_prod', 'v_ai_ceo_monthly_forecast_v2', 'periode', 1, 'date', 'date', 'YES', None)
('dwh_prod', 'v_ai_ceo_monthly_forecast_v2', 'region_count', 2, 'bigint', 'int8', 'YES', None)
('dwh_prod', 'v_ai_ceo_monthly_forecast_v2', 'target_sellin', 3, 'numeric', 'numeric', 'YES', None)
('dwh_prod', 'v_ai_ceo_monthly_forecast_v2', 'total_sellin', 4, 'numeric', 'numeric', 'YES', None)
('dwh_prod', 'v_ai_ceo_monthly_forecast_v2', 'total_working_days', 5, 'integer', 'int4', 'YES', None)
('dwh_prod', 'v_ai_ceo_monthly_forecast_v2', 'mtd_working_days', 6, 'integer', 'int4', 'YES', None)
('dwh_prod', 'v_ai_ceo_monthly_forecast_v2', 'remaining_working_days', 7, 'integer', 'int4', 'YES', None)
('dwh_prod', 'v_ai_ceo_monthly_forecast_v2', 'forecast_baseline', 8, 'numeric', 'numeric', 'YES', None)
('dwh_prod', 'v_ai_ceo_monthly_forecast_v2', 'forecast_ets', 9, 'numeric', 'numeric', 'YES', None)
('dwh_prod', 'v_ai_ceo_monthly_forecast_v2', 'forecast_sarima', 10, 'numeric', 'numeric', 'YES', None)
('dwh_prod', 'v_ai_ceo_monthly_forecast_v2', 'forecast_xgboost', 11, 'numeric', 'numeric', 'YES', None)
('dwh_prod', 'v_ai_ceo_monthly_forecast_v2', 'forecast_p10', 12, 'numeric', 'numeric', 'YES', None)
('dwh_prod', 'v_ai_ceo_monthly_forecast_v2', 'forecast_p50', 13, 'numeric', 'numeric', 'YES', None)
('dwh_prod', 'v_ai_ceo_monthly_forecast_v2', 'forecast_p90', 14, 'numeric', 'numeric', 'YES', None)
('dwh_prod', 'v_ai_ceo_monthly_forecast_v2', 'current_achievement_pct', 15, 'numeric', 'numeric', 'YES', None)
('dwh_prod', 'v_ai_ceo_monthly_forecast_v2', 'achievement_pct_forecast', 16, 'numeric', 'numeric', 'YES', None)
('dwh_prod', 'v_ai_ceo_monthly_forecast_v2', 'forecast_gap_to_target', 17, 'numeric', 'numeric', 'YES', None)
('dwh_prod', 'v_ai_ceo_monthly_forecast_v2', 'forecast_uncertainty_pct', 18, 'numeric', 'numeric', 'YES', None)
('dwh_prod', 'v_ai_ceo_monthly_forecast_v2', 'performance_scenario', 19, 'text', 'text', 'YES', None)
('dwh_prod', 'v_ai_ceo_monthly_forecast_v2', 'forecast_scenario', 20, 'text', 'text', 'YES', None)
('dwh_prod', 'v_ai_ceo_monthly_forecast_v2', 'priority', 21, 'text', 'text', 'YES', None)
('dwh_prod', 'v_ai_forecast_insight_input_v2', 'periode', 1, 'date', 'date', 'YES', None)
('dwh_prod', 'v_ai_forecast_insight_input_v2', 'hierarchy_level', 2, 'text', 'text', 'YES', None)
('dwh_prod', 'v_ai_forecast_insight_input_v2', 'entity_code', 3, 'text', 'text', 'YES', None)
('dwh_prod', 'v_ai_forecast_insight_input_v2', 'entity_name', 4, 'character varying', 'varchar', 'YES', None)
('dwh_prod', 'v_ai_forecast_insight_input_v2', 'target_sellin', 5, 'numeric', 'numeric', 'YES', None)
('dwh_prod', 'v_ai_forecast_insight_input_v2', 'mtd_actual', 6, 'numeric', 'numeric', 'YES', None)
('dwh_prod', 'v_ai_forecast_insight_input_v2', 'mtd_achievement_pct', 7, 'numeric', 'numeric', 'YES', None)
('dwh_prod', 'v_ai_forecast_insight_input_v2', 'forecast_p10', 8, 'numeric', 'numeric', 'YES', None)
('dwh_prod', 'v_ai_forecast_insight_input_v2', 'forecast_p50', 9, 'numeric', 'numeric', 'YES', None)
('dwh_prod', 'v_ai_forecast_insight_input_v2', 'forecast_p90', 10, 'numeric', 'numeric', 'YES', None)
('dwh_prod', 'v_ai_forecast_insight_input_v2', 'achievement_pct_forecast', 11, 'numeric', 'numeric', 'YES', None)
('dwh_prod', 'v_ai_forecast_insight_input_v2', 'forecast_gap_to_target', 12, 'numeric', 'numeric', 'YES', None)
('dwh_prod', 'v_ai_forecast_insight_input_v2', 'forecast_uncertainty_pct', 13, 'numeric', 'numeric', 'YES', None)
('dwh_prod', 'v_ai_forecast_insight_input_v2', 'performance_scenario', 14, 'text', 'text', 'YES', None)
('dwh_prod', 'v_ai_forecast_insight_input_v2', 'performance_scenario_name', 15, 'text', 'text', 'YES', None)
('dwh_prod', 'v_ai_forecast_insight_input_v2', 'forecast_scenario', 16, 'text', 'text', 'YES', None)
('dwh_prod', 'v_ai_forecast_insight_input_v2', 'priority', 17, 'text', 'text', 'YES', None)
('dwh_prod', 'v_ai_forecast_insight_input_v2', 'model_spread', 18, 'numeric', 'numeric', 'YES', None)
('dwh_prod', 'v_ai_forecast_insight_input_v2', 'model_spread_pct_p50', 19, 'numeric', 'numeric', 'YES', None)
('dwh_prod', 'v_ai_forecast_insight_input_v2', 'forecast_shortfall', 20, 'numeric', 'numeric', 'YES', None)
('dwh_prod', 'v_ai_forecast_insight_input_v2', 'shortfall_contribution_pct', 21, 'numeric', 'numeric', 'YES', None)
('dwh_prod', 'v_ai_forecast_insight_input_v2', 'largest_shortfall_regioncode', 22, 'text', 'text', 'YES', None)
('dwh_prod', 'v_ai_forecast_insight_input_v2', 'largest_shortfall_regionname', 23, 'text', 'text', 'YES', None)
('dwh_prod', 'v_ai_forecast_insight_input_v2', 'largest_region_shortfall', 24, 'numeric', 'numeric', 'YES', None)
('dwh_prod', 'v_ai_forecast_insight_input_v2', 'largest_region_shortfall_pct', 25, 'numeric', 'numeric', 'YES', None)
('dwh_prod', 'v_ai_forecast_insight_input_v2', 'largest_shortfall_gm_code', 26, 'text', 'text', 'YES', None)
('dwh_prod', 'v_ai_forecast_insight_input_v2', 'largest_shortfall_gm_name', 27, 'text', 'text', 'YES', None)
('dwh_prod', 'v_ai_forecast_insight_input_v2', 'largest_gm_shortfall', 28, 'numeric', 'numeric', 'YES', None)
('dwh_prod', 'v_ai_forecast_insight_input_v2', 'largest_gm_shortfall_pct', 29, 'numeric', 'numeric', 'YES', None)
('dwh_prod', 'v_ai_forecast_insight_input_v2', 'focus_required', 30, 'boolean', 'bool', 'YES', None)
('dwh_prod', 'v_ai_gm_monthly_diagnostics_v2', 'periode', 1, 'date', 'date', 'YES', None)
('dwh_prod', 'v_ai_gm_monthly_diagnostics_v2', 'gm_code', 2, 'character varying', 'varchar', 'YES', None)
('dwh_prod', 'v_ai_gm_monthly_diagnostics_v2', 'gm_name', 3, 'character varying', 'varchar', 'YES', None)
('dwh_prod', 'v_ai_gm_monthly_diagnostics_v2', 'region_count', 4, 'bigint', 'int8', 'YES', None)
('dwh_prod', 'v_ai_gm_monthly_diagnostics_v2', 'target_sellin', 5, 'numeric', 'numeric', 'YES', None)
('dwh_prod', 'v_ai_gm_monthly_diagnostics_v2', 'total_sellin', 6, 'numeric', 'numeric', 'YES', None)
('dwh_prod', 'v_ai_gm_monthly_diagnostics_v2', 'forecast_baseline', 7, 'numeric', 'numeric', 'YES', None)
('dwh_prod', 'v_ai_gm_monthly_diagnostics_v2', 'forecast_ets', 8, 'numeric', 'numeric', 'YES', None)
('dwh_prod', 'v_ai_gm_monthly_diagnostics_v2', 'forecast_sarima', 9, 'numeric', 'numeric', 'YES', None)
('dwh_prod', 'v_ai_gm_monthly_diagnostics_v2', 'forecast_xgboost', 10, 'numeric', 'numeric', 'YES', None)
('dwh_prod', 'v_ai_gm_monthly_diagnostics_v2', 'forecast_p10', 11, 'numeric', 'numeric', 'YES', None)
('dwh_prod', 'v_ai_gm_monthly_diagnostics_v2', 'forecast_p50', 12, 'numeric', 'numeric', 'YES', None)
('dwh_prod', 'v_ai_gm_monthly_diagnostics_v2', 'forecast_p90', 13, 'numeric', 'numeric', 'YES', None)
('dwh_prod', 'v_ai_gm_monthly_diagnostics_v2', 'current_achievement_pct', 14, 'numeric', 'numeric', 'YES', None)
('dwh_prod', 'v_ai_gm_monthly_diagnostics_v2', 'achievement_pct_forecast', 15, 'numeric', 'numeric', 'YES', None)
('dwh_prod', 'v_ai_gm_monthly_diagnostics_v2', 'forecast_gap_to_target', 16, 'numeric', 'numeric', 'YES', None)
('dwh_prod', 'v_ai_gm_monthly_diagnostics_v2', 'forecast_uncertainty_pct', 17, 'numeric', 'numeric', 'YES', None)
('dwh_prod', 'v_ai_gm_monthly_diagnostics_v2', 'performance_scenario', 18, 'text', 'text', 'YES', None)
('dwh_prod', 'v_ai_gm_monthly_diagnostics_v2', 'forecast_scenario', 19, 'text', 'text', 'YES', None)
('dwh_prod', 'v_ai_gm_monthly_diagnostics_v2', 'priority', 20, 'text', 'text', 'YES', None)
('dwh_prod', 'v_ai_gm_monthly_diagnostics_v2', 'forecast_shortfall', 21, 'numeric', 'numeric', 'YES', None)
('dwh_prod', 'v_ai_gm_monthly_diagnostics_v2', 'shortfall_contribution_pct', 22, 'numeric', 'numeric', 'YES', None)
('dwh_prod', 'v_ai_gm_monthly_diagnostics_v2', 'max_region_model_spread', 23, 'numeric', 'numeric', 'YES', None)
('dwh_prod', 'v_ai_gm_monthly_diagnostics_v2', 'max_region_model_spread_pct_p50', 24, 'numeric', 'numeric', 'YES', None)
('dwh_prod', 'v_ai_gm_monthly_diagnostics_v2', 'largest_shortfall_regioncode', 25, 'text', 'text', 'YES', None)
('dwh_prod', 'v_ai_gm_monthly_diagnostics_v2', 'largest_shortfall_regionname', 26, 'character varying', 'varchar', 'YES', None)
('dwh_prod', 'v_ai_gm_monthly_diagnostics_v2', 'largest_region_shortfall', 27, 'numeric', 'numeric', 'YES', None)
('dwh_prod', 'v_ai_gm_monthly_diagnostics_v2', 'largest_region_shortfall_pct_gm', 28, 'numeric', 'numeric', 'YES', None)
('dwh_prod', 'v_ai_gm_monthly_forecast_v2', 'periode', 1, 'date', 'date', 'YES', None)
('dwh_prod', 'v_ai_gm_monthly_forecast_v2', 'gm_code', 2, 'character varying', 'varchar', 'YES', None)
('dwh_prod', 'v_ai_gm_monthly_forecast_v2', 'gm_name', 3, 'character varying', 'varchar', 'YES', None)
('dwh_prod', 'v_ai_gm_monthly_forecast_v2', 'region_count', 4, 'bigint', 'int8', 'YES', None)
('dwh_prod', 'v_ai_gm_monthly_forecast_v2', 'target_sellin', 5, 'numeric', 'numeric', 'YES', None)
('dwh_prod', 'v_ai_gm_monthly_forecast_v2', 'total_sellin', 6, 'numeric', 'numeric', 'YES', None)
('dwh_prod', 'v_ai_gm_monthly_forecast_v2', 'total_working_days', 7, 'integer', 'int4', 'YES', None)
('dwh_prod', 'v_ai_gm_monthly_forecast_v2', 'mtd_working_days', 8, 'integer', 'int4', 'YES', None)
('dwh_prod', 'v_ai_gm_monthly_forecast_v2', 'remaining_working_days', 9, 'integer', 'int4', 'YES', None)
('dwh_prod', 'v_ai_gm_monthly_forecast_v2', 'forecast_baseline', 10, 'numeric', 'numeric', 'YES', None)
('dwh_prod', 'v_ai_gm_monthly_forecast_v2', 'forecast_ets', 11, 'numeric', 'numeric', 'YES', None)
('dwh_prod', 'v_ai_gm_monthly_forecast_v2', 'forecast_sarima', 12, 'numeric', 'numeric', 'YES', None)
('dwh_prod', 'v_ai_gm_monthly_forecast_v2', 'forecast_xgboost', 13, 'numeric', 'numeric', 'YES', None)
('dwh_prod', 'v_ai_gm_monthly_forecast_v2', 'forecast_p10', 14, 'numeric', 'numeric', 'YES', None)
('dwh_prod', 'v_ai_gm_monthly_forecast_v2', 'forecast_p50', 15, 'numeric', 'numeric', 'YES', None)
('dwh_prod', 'v_ai_gm_monthly_forecast_v2', 'forecast_p90', 16, 'numeric', 'numeric', 'YES', None)
('dwh_prod', 'v_ai_gm_monthly_forecast_v2', 'current_achievement_pct', 17, 'numeric', 'numeric', 'YES', None)
('dwh_prod', 'v_ai_gm_monthly_forecast_v2', 'achievement_pct_forecast', 18, 'numeric', 'numeric', 'YES', None)
('dwh_prod', 'v_ai_gm_monthly_forecast_v2', 'forecast_gap_to_target', 19, 'numeric', 'numeric', 'YES', None)
('dwh_prod', 'v_ai_gm_monthly_forecast_v2', 'forecast_uncertainty_pct', 20, 'numeric', 'numeric', 'YES', None)
('dwh_prod', 'v_ai_gm_monthly_forecast_v2', 'performance_scenario', 21, 'text', 'text', 'YES', None)
('dwh_prod', 'v_ai_gm_monthly_forecast_v2', 'forecast_scenario', 22, 'text', 'text', 'YES', None)
('dwh_prod', 'v_ai_gm_monthly_forecast_v2', 'priority', 23, 'text', 'text', 'YES', None)
('dwh_prod', 'v_ai_monthly_working_days', 'tahun', 1, 'integer', 'int4', 'YES', None)
('dwh_prod', 'v_ai_monthly_working_days', 'bulan', 2, 'text', 'text', 'YES', None)
('dwh_prod', 'v_ai_monthly_working_days', 'total_working_days', 3, 'bigint', 'int8', 'YES', None)
('dwh_prod', 'v_ai_region_monthly_diagnostics_v2', 'periode', 1, 'date', 'date', 'YES', None)
('dwh_prod', 'v_ai_region_monthly_diagnostics_v2', 'regioncode', 2, 'text', 'text', 'YES', None)
('dwh_prod', 'v_ai_region_monthly_diagnostics_v2', 'regionname', 3, 'character varying', 'varchar', 'YES', None)
('dwh_prod', 'v_ai_region_monthly_diagnostics_v2', 'target_sellin', 4, 'numeric', 'numeric', 'YES', None)
('dwh_prod', 'v_ai_region_monthly_diagnostics_v2', 'total_sellin', 5, 'numeric', 'numeric', 'YES', None)
('dwh_prod', 'v_ai_region_monthly_diagnostics_v2', 'mtd_working_days', 6, 'integer', 'int4', 'YES', None)
('dwh_prod', 'v_ai_region_monthly_diagnostics_v2', 'remaining_working_days', 7, 'integer', 'int4', 'YES', None)
('dwh_prod', 'v_ai_region_monthly_diagnostics_v2', 'forecast_baseline', 8, 'numeric', 'numeric', 'YES', None)
('dwh_prod', 'v_ai_region_monthly_diagnostics_v2', 'forecast_ets', 9, 'numeric', 'numeric', 'YES', None)
('dwh_prod', 'v_ai_region_monthly_diagnostics_v2', 'forecast_sarima', 10, 'numeric', 'numeric', 'YES', None)
('dwh_prod', 'v_ai_region_monthly_diagnostics_v2', 'forecast_xgboost', 11, 'numeric', 'numeric', 'YES', None)
('dwh_prod', 'v_ai_region_monthly_diagnostics_v2', 'forecast_p10', 12, 'numeric', 'numeric', 'YES', None)
('dwh_prod', 'v_ai_region_monthly_diagnostics_v2', 'forecast_p50', 13, 'numeric', 'numeric', 'YES', None)
('dwh_prod', 'v_ai_region_monthly_diagnostics_v2', 'forecast_p90', 14, 'numeric', 'numeric', 'YES', None)
('dwh_prod', 'v_ai_region_monthly_diagnostics_v2', 'achievement_pct_forecast', 15, 'numeric', 'numeric', 'YES', None)
('dwh_prod', 'v_ai_region_monthly_diagnostics_v2', 'forecast_gap_to_target', 16, 'numeric', 'numeric', 'YES', None)
('dwh_prod', 'v_ai_region_monthly_diagnostics_v2', 'forecast_uncertainty_pct', 17, 'numeric', 'numeric', 'YES', None)
('dwh_prod', 'v_ai_region_monthly_diagnostics_v2', 'performance_scenario', 18, 'text', 'text', 'YES', None)
('dwh_prod', 'v_ai_region_monthly_diagnostics_v2', 'performance_scenario_name', 19, 'text', 'text', 'YES', None)
('dwh_prod', 'v_ai_region_monthly_diagnostics_v2', 'forecast_scenario', 20, 'text', 'text', 'YES', None)
('dwh_prod', 'v_ai_region_monthly_diagnostics_v2', 'priority', 21, 'text', 'text', 'YES', None)
('dwh_prod', 'v_ai_region_monthly_diagnostics_v2', 'model_spread', 22, 'numeric', 'numeric', 'YES', None)
('dwh_prod', 'v_ai_region_monthly_diagnostics_v2', 'model_spread_pct_p50', 23, 'numeric', 'numeric', 'YES', None)
('dwh_prod', 'v_ai_region_monthly_diagnostics_v2', 'forecast_shortfall', 24, 'numeric', 'numeric', 'YES', None)
('dwh_prod', 'v_ai_region_monthly_diagnostics_v2', 'shortfall_contribution_pct', 25, 'numeric', 'numeric', 'YES', None)
('dwh_prod', 'v_ai_region_monthly_insight_v2', 'periode', 1, 'date', 'date', 'YES', None)
('dwh_prod', 'v_ai_region_monthly_insight_v2', 'regioncode', 2, 'text', 'text', 'YES', None)
('dwh_prod', 'v_ai_region_monthly_insight_v2', 'regionname', 3, 'character varying', 'varchar', 'YES', None)
('dwh_prod', 'v_ai_region_monthly_insight_v2', 'target_sellin', 4, 'numeric', 'numeric', 'YES', None)
('dwh_prod', 'v_ai_region_monthly_insight_v2', 'total_sellin', 5, 'numeric', 'numeric', 'YES', None)
('dwh_prod', 'v_ai_region_monthly_insight_v2', 'total_working_days', 6, 'integer', 'int4', 'YES', None)
('dwh_prod', 'v_ai_region_monthly_insight_v2', 'mtd_working_days', 7, 'integer', 'int4', 'YES', None)
('dwh_prod', 'v_ai_region_monthly_insight_v2', 'remaining_working_days', 8, 'integer', 'int4', 'YES', None)
('dwh_prod', 'v_ai_region_monthly_insight_v2', 'forecast_baseline', 9, 'numeric', 'numeric', 'YES', None)
('dwh_prod', 'v_ai_region_monthly_insight_v2', 'forecast_ets', 10, 'numeric', 'numeric', 'YES', None)
('dwh_prod', 'v_ai_region_monthly_insight_v2', 'forecast_sarima', 11, 'numeric', 'numeric', 'YES', None)
('dwh_prod', 'v_ai_region_monthly_insight_v2', 'forecast_xgboost', 12, 'numeric', 'numeric', 'YES', None)
('dwh_prod', 'v_ai_region_monthly_insight_v2', 'forecast_p10', 13, 'numeric', 'numeric', 'YES', None)
('dwh_prod', 'v_ai_region_monthly_insight_v2', 'forecast_p50', 14, 'numeric', 'numeric', 'YES', None)
('dwh_prod', 'v_ai_region_monthly_insight_v2', 'forecast_p90', 15, 'numeric', 'numeric', 'YES', None)
('dwh_prod', 'v_ai_region_monthly_insight_v2', 'achievement_pct_forecast', 16, 'numeric', 'numeric', 'YES', None)
('dwh_prod', 'v_ai_region_monthly_insight_v2', 'forecast_gap_to_target', 17, 'numeric', 'numeric', 'YES', None)
('dwh_prod', 'v_ai_region_monthly_insight_v2', 'forecast_uncertainty_pct', 18, 'numeric', 'numeric', 'YES', None)
('dwh_prod', 'v_ai_region_monthly_insight_v2', 'current_achievement_pct', 19, 'numeric', 'numeric', 'YES', None)
('dwh_prod', 'v_ai_region_monthly_insight_v2', 'performance_scenario', 20, 'text', 'text', 'YES', None)
('dwh_prod', 'v_ai_region_monthly_insight_v2', 'performance_scenario_name', 21, 'text', 'text', 'YES', None)
('dwh_prod', 'v_ai_region_monthly_insight_v2', 'forecast_scenario', 22, 'text', 'text', 'YES', None)
('dwh_prod', 'v_ai_region_monthly_insight_v2', 'priority', 23, 'text', 'text', 'YES', None)
('dwh_prod', 'v_ai_region_monthly_insight_v2', 'model_spread', 24, 'numeric', 'numeric', 'YES', None)
('dwh_prod', 'v_ai_region_monthly_insight_v2', 'model_spread_pct_p50', 25, 'numeric', 'numeric', 'YES', None)
('dwh_prod', 'v_ai_region_monthly_insight_v2', 'forecast_shortfall', 26, 'numeric', 'numeric', 'YES', None)
('dwh_prod', 'v_ai_region_monthly_insight_v2', 'shortfall_contribution_pct', 27, 'numeric', 'numeric', 'YES', None)
('dwh_prod', 'v_dashboard_ceo_ai_insight', 'id', 1, 'integer', 'int4', 'YES', None)
('dwh_prod', 'v_dashboard_ceo_ai_insight', 'periode', 2, 'character varying', 'varchar', 'YES', None)
('dwh_prod', 'v_dashboard_ceo_ai_insight', 'insight_type', 3, 'character varying', 'varchar', 'YES', None)
('dwh_prod', 'v_dashboard_ceo_ai_insight', 'insight_level', 4, 'text', 'text', 'YES', None)
('dwh_prod', 'v_dashboard_ceo_ai_insight', 'ai_insight_category', 5, 'text', 'text', 'YES', None)
('dwh_prod', 'v_dashboard_ceo_ai_insight', 'ai_diagnosis', 6, 'text', 'text', 'YES', None)
('dwh_prod', 'v_dashboard_ceo_ai_insight', 'triggered_action_plan', 7, 'text', 'text', 'YES', None)
('dwh_prod', 'v_dashboard_ceo_ai_insight', 'priority', 8, 'text', 'text', 'YES', None)
('dwh_prod', 'v_dashboard_ceo_ai_insight', 'ai_summary', 9, 'text', 'text', 'YES', None)
('dwh_prod', 'v_dashboard_ceo_ai_insight', 'created_at', 10, 'timestamp without time zone', 'timestamp', 'YES', None)
('dwh_prod', 'v_dashboard_ceo_ai_insight', 'is_active', 11, 'integer', 'int4', 'YES', None)
('dwh_prod', 'v_dashboard_region_ai_insight', 'periode', 1, 'date', 'date', 'YES', None)
('dwh_prod', 'v_dashboard_region_ai_insight', 'regioncode', 2, 'character varying', 'varchar', 'YES', None)
('dwh_prod', 'v_dashboard_region_ai_insight', 'regionname', 3, 'character varying', 'varchar', 'YES', None)
('dwh_prod', 'v_dashboard_region_ai_insight', 'ai_scenario_code', 4, 'character varying', 'varchar', 'YES', None)
('dwh_prod', 'v_dashboard_region_ai_insight', 'performance_scenario', 5, 'character varying', 'varchar', 'YES', None)
('dwh_prod', 'v_dashboard_region_ai_insight', 'momentum_scenario', 6, 'character varying', 'varchar', 'YES', None)
('dwh_prod', 'v_dashboard_region_ai_insight', 'projected_achievement_status', 7, 'character varying', 'varchar', 'YES', None)
('dwh_prod', 'v_dashboard_region_ai_insight', 'priority', 8, 'character varying', 'varchar', 'YES', None)
('dwh_prod', 'v_dashboard_region_ai_insight', 'current_achievement_pct', 9, 'numeric', 'numeric', 'YES', None)
('dwh_prod', 'v_dashboard_region_ai_insight', 'projected_month_end_achievement_pct', 10, 'numeric', 'numeric', 'YES', None)
('dwh_prod', 'v_dashboard_region_ai_insight', 'target_sellin', 11, 'numeric', 'numeric', 'YES', None)
('dwh_prod', 'v_dashboard_region_ai_insight', 'total_sellin', 12, 'numeric', 'numeric', 'YES', None)
('dwh_prod', 'v_dashboard_region_ai_insight', 'projected_month_end_sellin', 13, 'numeric', 'numeric', 'YES', None)
('dwh_prod', 'v_dashboard_region_ai_insight', 'projected_gap_to_target', 14, 'numeric', 'numeric', 'YES', None)
('dwh_prod', 'v_dashboard_region_ai_insight', 'required_daily_sellin_to_target', 15, 'numeric', 'numeric', 'YES', None)
('dwh_prod', 'v_dashboard_region_ai_insight', 'momentum_factor', 16, 'numeric', 'numeric', 'YES', None)
('dwh_prod', 'v_dashboard_region_ai_insight', 'adjusted_momentum_factor', 17, 'numeric', 'numeric', 'YES', None)
('dwh_prod', 'v_dashboard_region_ai_insight', 'mtd_daily_run_rate', 18, 'numeric', 'numeric', 'YES', None)
('dwh_prod', 'v_dashboard_region_ai_insight', 'avg_7_working_days', 19, 'numeric', 'numeric', 'YES', None)
('dwh_prod', 'v_dashboard_region_ai_insight', 'remaining_working_days', 20, 'integer', 'int4', 'YES', None)
('dwh_prod', 'v_dashboard_region_ai_insight', 'ai_diagnosis', 21, 'text', 'text', 'YES', None)
('dwh_prod', 'v_dashboard_region_ai_insight', 'triggered_action_plan', 22, 'text', 'text', 'YES', None)
('dwh_prod', 'v_dashboard_region_ai_insight', 'model_name', 23, 'character varying', 'varchar', 'YES', None)
('dwh_prod', 'v_dashboard_region_ai_insight', 'prompt_version', 24, 'character varying', 'varchar', 'YES', None)
('dwh_prod', 'v_dashboard_region_ai_insight', 'generated_at', 25, 'timestamp without time zone', 'timestamp', 'YES', None)
('dwh_prod', 'v_dashboard_region_ai_insight', 'updated_at', 26, 'timestamp without time zone', 'timestamp', 'YES', None)
('dwh_prod', 'v_dashboard_region_ai_insight', 'insight_status', 27, 'character varying', 'varchar', 'YES', None)
('dwh_prod', 'v_fperiode', 'tahun', 1, 'integer', 'int4', 'YES', None)
('dwh_prod', 'v_fperiode', 'prd_periode', 2, 'integer', 'int4', 'YES', None)
('dwh_prod', 'v_fperiode', 'bulan', 3, 'text', 'text', 'YES', None)
('dwh_prod', 'v_fperiode', 'fsb_tot_week', 4, 'integer', 'int4', 'YES', None)
('dwh_prod', 'v_fperiode', 'prd_weekno', 5, 'integer', 'int4', 'YES', None)
('dwh_prod', 'v_fperiode', 'pekan', 6, 'integer', 'int4', 'YES', None)
('dwh_prod', 'v_fperiode', 'start_date', 7, 'date', 'date', 'YES', None)
('dwh_prod', 'v_fperiode', 'end_date', 8, 'date', 'date', 'YES', None)
('dwh_prod', 'v_fperiode', 'm_start_date', 9, 'date', 'date', 'YES', None)
('dwh_prod', 'v_fperiode', 'm_end_date', 10, 'date', 'date', 'YES', None)
('dwh_prod', 'v_fperiode', 'tglawal', 11, 'text', 'text', 'YES', None)
('dwh_prod', 'v_fperiode', 'tgl2', 12, 'text', 'text', 'YES', None)
('dwh_prod', 'v_fperiode', 'tgl3', 13, 'text', 'text', 'YES', None)
('dwh_prod', 'v_fperiode', 'tgl4', 14, 'text', 'text', 'YES', None)
('dwh_prod', 'v_fperiode', 'tgl5', 15, 'text', 'text', 'YES', None)
('dwh_prod', 'v_fperiode', 'tgl6', 16, 'text', 'text', 'YES', None)
('dwh_prod', 'v_fperiode', 'tglakhir', 17, 'text', 'text', 'YES', None)
('dwh_prod', 'v_fperiode', 'total_working_days', 18, 'bigint', 'int8', 'YES', None)
('dwh_prod', 'v_mst_region_branch_sellpoint', 'sellingpointcode', 1, 'text', 'text', 'YES', None)
('dwh_prod', 'v_mst_region_branch_sellpoint', 'sellingpointname', 2, 'text', 'text', 'YES', None)
('dwh_prod', 'v_mst_region_branch_sellpoint', 'branchcode', 3, 'text', 'text', 'YES', None)
('dwh_prod', 'v_mst_region_branch_sellpoint', 'branchname', 4, 'text', 'text', 'YES', None)
('dwh_prod', 'v_mst_region_branch_sellpoint', 'regioncode', 5, 'text', 'text', 'YES', None)
('dwh_prod', 'v_mst_region_branch_sellpoint', 'regionname', 6, 'text', 'text', 'YES', None)
('dwh_prod', 'v_mst_region_branch_sellpoint', 'regionpin', 7, 'text', 'text', 'YES', None)
('dwh_prod', 'v_mst_region_branch_sellpoint', 'branchpin', 8, 'text', 'text', 'YES', None)
('dwh_prod', 'v_mst_region_branch_sellpoint', 'sellingpointpin', 9, 'text', 'text', 'YES', None)
('dwh_prod', 'v_mst_region_branch_sellpoint', 'branchlat', 10, 'double precision', 'float8', 'YES', None)
('dwh_prod', 'v_mst_region_branch_sellpoint', 'branchlng', 11, 'double precision', 'float8', 'YES', None)
('dwh_prod', 'v_mst_region_branch_sellpoint', 'sellingpointlat', 12, 'text', 'text', 'YES', None)
('dwh_prod', 'v_mst_region_branch_sellpoint', 'sellingpointlng', 13, 'text', 'text', 'YES', None)
('dwh_prod', 'v_mst_region_branch_sellpoint', 'tipe', 14, 'text', 'text', 'YES', None)
('dwh_prod', 'v_mst_region_branch_sellpoint', 'flag_prc', 15, 'text', 'text', 'YES', None)
('dwh_prod', 'v_mst_region_branch_sellpoint', 'koderegion_new', 16, 'text', 'text', 'YES', None)
('dwh_prod', 'v_mst_region_branch_sellpoint', 'kodelocation', 17, 'text', 'text', 'YES', None)
('dwh_prod', 'z_target_order_monthly', 'periode', 1, 'character varying', 'varchar', 'NO', None)
('dwh_prod', 'z_target_order_monthly', 'kodecabang', 2, 'character varying', 'varchar', 'NO', None)
('dwh_prod', 'z_target_order_monthly', 'slsno', 3, 'character varying', 'varchar', 'NO', None)
('dwh_prod', 'z_target_order_monthly', 'custno', 4, 'character varying', 'varchar', 'NO', None)
('dwh_prod', 'z_target_order_monthly', 'targetmqty', 5, 'double precision', 'float8', 'NO', None)
('dwh_prod', 'z_target_order_monthly', 'targetmval', 6, 'double precision', 'float8', 'NO', None)
('dwh_prod', 'z_target_order_monthly', 'ordermqty', 7, 'double precision', 'float8', 'NO', None)
('dwh_prod', 'z_target_order_monthly', 'ordermval', 8, 'double precision', 'float8', 'NO', None)
('dwh_prod', 'z_target_order_monthly', 'invmqty', 9, 'double precision', 'float8', 'NO', '0')
('dwh_prod', 'z_target_order_monthly', 'invmval', 10, 'double precision', 'float8', 'NO', '0')
('dwh_raw', 'mcustalamaterpraw', 'kode', 1, 'character varying', 'varchar', 'YES', None)
('dwh_raw', 'mcustalamaterpraw', 'nama', 2, 'character varying', 'varchar', 'YES', None)
('dwh_raw', 'mcustalamaterpraw', 'alias', 3, 'character varying', 'varchar', 'YES', None)
('dwh_raw', 'mcustalamaterpraw', 'sales_divisi', 4, 'character varying', 'varchar', 'YES', None)
('dwh_raw', 'mcustalamaterpraw', 'regional', 5, 'character varying', 'varchar', 'YES', None)
('dwh_raw', 'mcustalamaterpraw', 'terima_barang', 6, 'character varying', 'varchar', 'YES', None)
('dwh_raw', 'mcustalamaterpraw', 'ktp', 7, 'character varying', 'varchar', 'YES', None)
('dwh_raw', 'mcustalamaterpraw', 'alamat', 8, 'character varying', 'varchar', 'YES', None)
('dwh_raw', 'mcustalamaterpraw', 'telepon', 9, 'character varying', 'varchar', 'YES', None)
('dwh_raw', 'mcustalamaterpraw', 'email', 10, 'character varying', 'varchar', 'YES', None)
('dwh_raw', 'mcustalamaterpraw', 'npwp', 11, 'character varying', 'varchar', 'YES', None)
('dwh_raw', 'mcustalamaterpraw', 'syarat_bayar', 12, 'character varying', 'varchar', 'YES', None)
('dwh_raw', 'mcustalamaterpraw', 'diskon_1', 13, 'numeric', 'numeric', 'YES', None)
('dwh_raw', 'mcustalamaterpraw', 'diskon_2', 14, 'numeric', 'numeric', 'YES', None)
('dwh_raw', 'mcustalamaterpraw', 'dikson_festive', 15, 'numeric', 'numeric', 'YES', None)
('dwh_raw', 'mcustalamaterpraw', 'dikson_festive2', 16, 'numeric', 'numeric', 'YES', None)
('dwh_raw', 'mcustalamaterpraw', 'min_expired_date', 17, 'integer', 'int4', 'YES', None)
('dwh_raw', 'mcustalamaterpraw', 'keterangan', 18, 'character varying', 'varchar', 'YES', None)
('dwh_raw', 'mcustalamaterpraw', 'status_distributor', 19, 'character varying', 'varchar', 'YES', None)
('dwh_raw', 'mcustascendraw', 'customercode', 1, 'character varying', 'varchar', 'YES', None)
('dwh_raw', 'mcustascendraw', 'customername', 2, 'character varying', 'varchar', 'YES', None)
('dwh_raw', 'mcustascendraw', 'billingaddressline1', 3, 'character varying', 'varchar', 'YES', None)
('dwh_raw', 'mcustascendraw', 'billingcity', 4, 'character varying', 'varchar', 'YES', None)
('dwh_raw', 'mcustascendraw', 'shippingaddressline1', 5, 'character varying', 'varchar', 'YES', None)
('dwh_raw', 'mcustascendraw', 'shippingcity', 6, 'character varying', 'varchar', 'YES', None)
('dwh_raw', 'mcustascendraw', 'paymentterm', 7, 'integer', 'int4', 'YES', None)
('dwh_raw', 'mcustascendraw', 'creditlimit', 8, 'numeric', 'numeric', 'YES', None)
('dwh_raw', 'mcustascendraw', 'email', 9, 'character varying', 'varchar', 'YES', None)
('dwh_raw', 'mcustascendraw', 'fpcity', 10, 'character varying', 'varchar', 'YES', None)
('dwh_raw', 'mcustascendraw', 'salespersoncode', 11, 'character varying', 'varchar', 'YES', None)
('dwh_raw', 'mcustascendraw', 'salespersonname', 12, 'character varying', 'varchar', 'YES', None)
('dwh_raw', 'mcustascendraw', 'businessgroupname', 13, 'character varying', 'varchar', 'YES', None)
('dwh_raw', 'mcustascendraw', 'businessgroupdescription', 14, 'character varying', 'varchar', 'YES', None)
('dwh_raw', 'mcustascendraw', 'customerareacode', 15, 'character varying', 'varchar', 'YES', None)
('dwh_raw', 'mcustascendraw', 'customerareaname', 16, 'character varying', 'varchar', 'YES', None)
('dwh_raw', 'mcustascendraw', 'customertypename', 17, 'character varying', 'varchar', 'YES', None)
('dwh_raw', 'mcustascendraw', 'customerchannelcode', 18, 'character varying', 'varchar', 'YES', None)
('dwh_raw', 'mcustascendraw', 'customerchannelname', 19, 'character varying', 'varchar', 'YES', None)
('dwh_raw', 'mcustascendraw', 'customerrankcode', 20, 'character varying', 'varchar', 'YES', None)
('dwh_raw', 'mcustascendraw', 'customerrankname', 21, 'character varying', 'varchar', 'YES', None)
('dwh_raw', 'mcustascendraw', 'createdate', 22, 'timestamp without time zone', 'timestamp', 'YES', None)
('dwh_raw', 'mcustascendraw', 'lastmod', 23, 'timestamp without time zone', 'timestamp', 'YES', None)
('dwh_raw', 'mcustascendraw', 'disabled', 24, 'character', 'bpchar', 'YES', None)
('dwh_raw', 'mcusterpraw', 'kode_distibutor', 1, 'character varying', 'varchar', 'YES', None)
('dwh_raw', 'mcusterpraw', 'nama_distributor', 2, 'character varying', 'varchar', 'YES', None)
('dwh_raw', 'mcusterpraw', 'kota', 3, 'character varying', 'varchar', 'YES', None)
('dwh_raw', 'mcusterpraw', 'depo', 4, 'character varying', 'varchar', 'YES', None)
('dwh_raw', 'mcusterpraw', 'nama_toko', 5, 'character varying', 'varchar', 'YES', None)
('dwh_raw', 'mcusterpraw', 'email', 6, 'character varying', 'varchar', 'YES', None)
('dwh_raw', 'mcusterpraw', 'alamat', 7, 'character varying', 'varchar', 'YES', None)
('dwh_raw', 'mcusterpraw', 'namakontak', 8, 'character varying', 'varchar', 'YES', None)
('dwh_raw', 'mcusterpraw', 'teleponkontak', 9, 'character varying', 'varchar', 'YES', None)
('dwh_raw', 'mcusterpraw', 'latitude', 10, 'character varying', 'varchar', 'YES', None)
('dwh_raw', 'mcusterpraw', 'longitude', 11, 'character varying', 'varchar', 'YES', None)
('dwh_raw', 'mcusterpraw', 'keterangan', 12, 'character varying', 'varchar', 'YES', None)
('dwh_raw', 'sellinascend', 'invoicedetailid', 1, 'integer', 'int4', 'NO', None)
('dwh_raw', 'sellinascend', 'Customer Area', 2, 'character varying', 'varchar', 'YES', None)
('dwh_raw', 'sellinascend', 'Customer Code', 3, 'character varying', 'varchar', 'YES', None)
('dwh_raw', 'sellinascend', 'Customer Name', 4, 'character varying', 'varchar', 'YES', None)
('dwh_raw', 'sellinascend', 'Invoice Number', 5, 'character varying', 'varchar', 'YES', None)
('dwh_raw', 'sellinascend', 'Factory Out Date', 6, 'date', 'date', 'YES', None)
('dwh_raw', 'sellinascend', 'invoicedate', 7, 'date', 'date', 'YES', None)
('dwh_raw', 'sellinascend', 'Due Date', 8, 'date', 'date', 'YES', None)
('dwh_raw', 'sellinascend', 'Item Code', 9, 'character varying', 'varchar', 'YES', None)
('dwh_raw', 'sellinascend', 'Item Name', 10, 'character varying', 'varchar', 'YES', None)
('dwh_raw', 'sellinascend', 'Line Total After Tax (Local)', 11, 'numeric', 'numeric', 'YES', None)
('dwh_raw', 'sellinascend', 'Smallest Quantity', 12, 'numeric', 'numeric', 'YES', None)
('dwh_raw', 'sellinascend', 'Major Quantity', 13, 'numeric', 'numeric', 'YES', None)
('dwh_raw', 'sellinascend', 'Type', 14, 'character varying', 'varchar', 'YES', None)
('dwh_raw', 'sellinascend', 'Warehouse Name', 15, 'character varying', 'varchar', 'YES', None)
('dwh_raw', 'sellinascend', 'Invoice Type', 16, 'character varying', 'varchar', 'YES', None)
('dwh_raw', 'sellinascend', 'city', 17, 'character varying', 'varchar', 'YES', None)
('dwh_raw', 'sellinascend', 'region', 18, 'character varying', 'varchar', 'YES', None)
('dwh_raw', 'sellinascend', 'Customer Region', 19, 'character varying', 'varchar', 'YES', None)
('dwh_raw', 'sellinerpraw', 'city', 1, 'character varying', 'varchar', 'YES', None)
('dwh_raw', 'sellinerpraw', 'distributorcode', 2, 'character varying', 'varchar', 'YES', None)
('dwh_raw', 'sellinerpraw', 'distributorname', 3, 'character varying', 'varchar', 'YES', None)
('dwh_raw', 'sellinerpraw', 'sellingtype', 4, 'character varying', 'varchar', 'YES', None)
('dwh_raw', 'sellinerpraw', 'invoicedate', 5, 'timestamp without time zone', 'timestamp', 'YES', None)
('dwh_raw', 'sellinerpraw', 'invoicedetailid', 6, 'integer', 'int4', 'NO', None)
('dwh_raw', 'sellinerpraw', 'invoicenumber', 7, 'character varying', 'varchar', 'YES', None)
('dwh_raw', 'sellinerpraw', 'itemcode', 8, 'character varying', 'varchar', 'YES', None)
('dwh_raw', 'sellinerpraw', 'itemname', 9, 'character varying', 'varchar', 'YES', None)
('dwh_raw', 'sellinerpraw', 'disc2', 23, 'numeric', 'numeric', 'YES', None)
('dwh_raw', 'sellinerpraw', 'disc3', 24, 'numeric', 'numeric', 'YES', None)
('dwh_raw', 'sellinerpraw', 'nettamountppn', 25, 'numeric', 'numeric', 'YES', None)
('dwh_raw', 'sellinerpraw', 'qtyktn', 26, 'numeric', 'numeric', 'YES', None)
('dwh_raw', 'sellinerpraw', 'qtypcs', 27, 'numeric', 'numeric', 'YES', None)
('dwh_raw', 'sellinerpraw', 'grossamount', 28, 'numeric', 'numeric', 'YES', None)
('dwh_raw', 'sellinerpraw', 'harga', 29, 'numeric', 'numeric', 'YES', None)
('dwh_raw', 'sellinerpraw', 'disc1', 30, 'numeric', 'numeric', 'YES', None)
('dwh_raw', 'sellinerpraw', 'disc2_ktl', 31, 'numeric', 'numeric', 'YES', None)
('finance', 'TargetDistributor', 'BULAN', 1, 'date', 'date', 'YES', None)
('finance', 'TargetDistributor', 'Sheet', 2, 'character varying', 'varchar', 'YES', None)
('finance', 'TargetDistributor', 'Target', 3, 'character varying', 'varchar', 'YES', None)
('finance', 'TargetDistributor', 'AreaCode', 4, 'character varying', 'varchar', 'YES', None)
('finance', 'TargetDistributor', 'AreaName', 5, 'character varying', 'varchar', 'YES', None)
('finance', 'TargetDistributor', 'Homebase', 6, 'character varying', 'varchar', 'YES', None)
('finance', 'TargetDistributor', 'RegionCode', 7, 'character varying', 'varchar', 'YES', None)
('finance', 'TargetDistributor', 'RegionName', 8, 'character varying', 'varchar', 'YES', None)
('finance', 'TargetDistributor', 'SpvAreaCode', 9, 'character varying', 'varchar', 'YES', None)
('finance', 'TargetDistributor', 'spvareaname', 10, 'character varying', 'varchar', 'YES', None)
('finance', 'TargetDistributor', 'RealSellInFes', 11, 'numeric', 'numeric', 'YES', None)
('finance', 'TargetDistributor', 'RealSellInReg', 12, 'numeric', 'numeric', 'YES', None)
('finance', 'TargetDistributor', 'RealSellOutFes', 13, 'numeric', 'numeric', 'YES', None)
('finance', 'TargetDistributor', 'RealSellOutReg', 14, 'numeric', 'numeric', 'YES', None)
('finance', 'TargetDistributor', '_ab_cdc_cursor', 15, 'bigint', 'int8', 'YES', None)
('finance', 'TargetDistributor', 'DistributorCode', 16, 'character varying', 'varchar', 'YES', None)
('finance', 'TargetDistributor', 'DistributorName', 17, 'character varying', 'varchar', 'YES', None)
('finance', 'TargetDistributor', 'TARGETSellInFes', 18, 'numeric', 'numeric', 'YES', None)
('finance', 'TargetDistributor', 'TARGETSellInReg', 19, 'numeric', 'numeric', 'YES', None)
('finance', 'TargetDistributor', 'TOTALRealSellIN', 20, 'numeric', 'numeric', 'YES', None)
('finance', 'TargetDistributor', '_ab_cdc_log_pos', 21, 'numeric', 'numeric', 'YES', None)
('finance', 'TargetDistributor', 'TARGETSellOutFes', 22, 'numeric', 'numeric', 'YES', None)
('finance', 'TargetDistributor', 'TARGETSellOutReg', 23, 'numeric', 'numeric', 'YES', None)
('finance', 'TargetDistributor', 'TotalRealSellOut', 24, 'numeric', 'numeric', 'YES', None)
('finance', 'TargetDistributor', '_ab_cdc_log_file', 25, 'character varying', 'varchar', 'YES', None)
('finance', 'TargetDistributor', 'TOTALTargetSellIn', 26, 'numeric', 'numeric', 'YES', None)
('finance', 'TargetDistributor', 'TOTALTargetSellOut', 27, 'numeric', 'numeric', 'YES', None)
('finance', 'TargetDistributor', '_ab_cdc_deleted_at', 28, 'character varying', 'varchar', 'YES', None)
('finance', 'TargetDistributor', '_ab_cdc_updated_at', 29, 'character varying', 'varchar', 'YES', None)
('finance', 'TargetDistributor', '_airbyte_raw_id', 30, 'character varying', 'varchar', 'NO', None)
('finance', 'TargetDistributor', '_airbyte_extracted_at', 31, 'timestamp with time zone', 'timestamptz', 'NO', None)
('finance', 'TargetDistributor', '_airbyte_generation_id', 32, 'bigint', 'int8', 'YES', None)
('finance', 'TargetDistributor', '_airbyte_meta', 33, 'jsonb', 'jsonb', 'NO', None)
('finance', 'ar_asw', 'customerareaname', 1, 'text', 'text', 'YES', None)
('finance', 'ar_asw', 'itemdate', 2, 'date', 'date', 'YES', None)
('finance', 'ar_asw', 'amountpaid', 3, 'double precision', 'float8', 'YES', None)
('finance', 'ar_asw', 'nettsellingin', 4, 'double precision', 'float8', 'YES', None)
('finance', 'ar_asw', 'custnameascend', 5, 'text', 'text', 'YES', None)
('finance', 'ar_asw', 'itemtype', 6, 'text', 'text', 'YES', None)
('finance', 'ar_asw', 'coa_name', 7, 'text', 'text', 'YES', None)
('finance', 'ar_asw', '_ab_cdc_deleted_at', 8, 'text', 'text', 'YES', None)
('finance', 'ar_asw', 'statuspenagihan', 9, 'text', 'text', 'YES', None)
('finance', 'ar_asw', 'businessgroupname', 10, 'text', 'text', 'YES', None)
('finance', 'ar_asw', 'principal', 11, 'text', 'text', 'YES', None)
('finance', 'ar_asw', 'statuscustomer', 12, 'text', 'text', 'YES', None)
('finance', 'ar_asw', 'itemnumber', 13, 'text', 'text', 'YES', None)
('finance', 'ar_asw', 'itemduedate', 14, 'date', 'date', 'YES', None)
('finance', 'ar_asw', 'voucherdate', 15, 'date', 'date', 'YES', None)
('finance', 'ar_asw', 'custcodeascend', 16, 'text', 'text', 'YES', None)
('finance', 'ar_asw', 'daysoutstanding', 17, 'double precision', 'float8', 'YES', None)
('finance', 'ar_asw', '_ab_cdc_log_file', 18, 'text', 'text', 'YES', None)
('finance', 'ar_asw', 'customertypename', 19, 'text', 'text', 'YES', None)
('finance', 'ar_asw', 'arrivedate', 20, 'date', 'date', 'YES', None)
('finance', 'ar_asw', 'department', 21, 'text', 'text', 'YES', None)
('finance', 'ar_asw', 'voucherno', 22, 'text', 'text', 'YES', None)
('finance', 'ar_asw', 'duedatedays', 23, 'double precision', 'float8', 'YES', None)
('finance', 'ar_asw', '_ab_cdc_log_pos', 24, 'double precision', 'float8', 'YES', None)
('finance', 'ar_asw', 'customerareacode', 25, 'text', 'text', 'YES', None)
('finance', 'ar_asw', 'paymentterm', 26, 'bigint', 'int8', 'YES', None)
('finance', 'ar_asw', 'invoicetype', 27, 'text', 'text', 'YES', None)
('finance', 'ar_asw', '_ab_cdc_updated_at', 28, 'text', 'text', 'YES', None)
('finance', 'ar_asw', 'balance', 29, 'double precision', 'float8', 'YES', None)
('finance', 'ar_asw', '_ab_cdc_cursor', 30, 'bigint', 'int8', 'YES', None)
('finance', 'ar_asw', '_airbyte_ab_id', 31, 'character varying', 'varchar', 'YES', None)
('finance', 'ar_asw', '_airbyte_emitted_at', 32, 'timestamp with time zone', 'timestamptz', 'YES', None)
('finance', 'ar_asw', '_airbyte_normalized_at', 33, 'timestamp with time zone', 'timestamptz', 'YES', None)
('finance', 'ar_asw', '_airbyte_ar_asw_hashid', 34, 'text', 'text', 'YES', None)
('finance', 'date_dim', 'date_dim_id', 1, 'bigint', 'int8', 'NO', "nextval('finance.date_dim_date_dim_id_seq'::regclass)")
('finance', 'date_dim', 'dates', 5, 'date', 'date', 'YES', None)
('finance', 'date_dim', 'daysofyears', 6, 'double precision', 'float8', 'YES', None)
('finance', 'date_dim', 'months', 7, 'double precision', 'float8', 'YES', None)
('finance', 'date_dim', 'years', 8, 'double precision', 'float8', 'YES', None)
('finance', 'date_dim', 'quarters', 9, 'double precision', 'float8', 'YES', None)
('finance', 'date_dim', 'monthsname', 10, 'character varying', 'varchar', 'YES', None)
('finance', 'date_dim', 'daysofmonths', 11, 'double precision', 'float8', 'YES', None)
('finance', 'date_dim', 'daysofweekname', 12, 'character varying', 'varchar', 'YES', None)
('finance', 'date_dim', 'weeknumber', 13, 'double precision', 'float8', 'YES', None)
('finance', 'date_dim', 'workingday(6)', 15, 'double precision', 'float8', 'YES', None)
('finance', 'date_dim', 'daysofweek', 16, 'double precision', 'float8', 'YES', None)
('finance', 'date_dim', 'ganjilgenap', 17, 'text', 'text', 'YES', None)
('finance', 'date_dim', 'version', 18, 'integer', 'int4', 'YES', None)
('finance', 'date_dim', 'date_from', 19, 'timestamp without time zone', 'timestamp', 'YES', None)
('finance', 'date_dim', 'date_to', 20, 'timestamp without time zone', 'timestamp', 'YES', None)
('finance', 'date_dim', 'networkeddays', 22, 'double precision', 'float8', 'YES', None)
('finance', 'date_dim', 'workingday(5)', 23, 'text', 'text', 'YES', None)
('finance', 'date_dim', 'monthyear', 24, 'text', 'text', 'YES', None)
('finance', 'date_dim', 'holiday', 25, 'double precision', 'float8', 'YES', None)
('finance', 'dimcustap_asw', 'sk_cust_id', 1, 'bigint', 'int8', 'NO', "nextval('finance.dimcustap_asw_sk_cust_id_seq'::regclass)")
('finance', 'dimcustap_asw', 'version', 2, 'integer', 'int4', 'YES', None)
('finance', 'dimcustap_asw', 'date_from', 3, 'timestamp without time zone', 'timestamp', 'YES', None)
('finance', 'dimcustap_asw', 'date_to', 4, 'timestamp without time zone', 'timestamp', 'YES', None)
('finance', 'dimcustap_asw', 'suppliercode', 5, 'character varying', 'varchar', 'YES', None)
('finance', 'dimcustap_asw', 'principal', 6, 'character varying', 'varchar', 'YES', None)
('finance', 'dimcustap_asw', 'department', 7, 'character varying', 'varchar', 'YES', None)
('finance', 'dimcustap_asw', 'coa_name', 8, 'character varying', 'varchar', 'YES', None)
('finance', 'dimcustap_asw', 'supplierid', 9, 'integer', 'int4', 'YES', None)
('finance', 'dimcustap_asw', 'suppliername', 10, 'character varying', 'varchar', 'YES', None)
('finance', 'dimcustap_asw', 'city', 11, 'character varying', 'varchar', 'YES', None)
('finance', 'dimcustap_asw', 'State', 12, 'character varying', 'varchar', 'YES', None)
('finance', 'dimcustap_asw', 'country', 13, 'character varying', 'varchar', 'YES', None)
('finance', 'dimcustap_asw', 'paymentterm', 14, 'integer', 'int4', 'YES', None)
('finance', 'dimcustap_asw', 'phone', 16, 'character varying', 'varchar', 'YES', None)
('finance', 'dimcustap_asw', 'email', 17, 'character varying', 'varchar', 'YES', None)
('finance', 'dimcustap_asw', 'npwp', 18, 'character varying', 'varchar', 'YES', None)
('finance', 'dimcustap_asw', 'createdate', 19, 'timestamp without time zone', 'timestamp', 'YES', None)
('finance', 'dimcustap_asw', 'status', 20, 'integer', 'int4', 'YES', None)
('finance', 'dimcustap_asw', 'suppliertypedescription', 21, 'character varying', 'varchar', 'YES', None)
('finance', 'dimcustap_asw', 'creditlimit', 22, 'numeric', 'numeric', 'YES', None)
('finance', 'dimcustar', 'sk_cust_id', 1, 'bigint', 'int8', 'NO', "nextval('finance.dimcustar_sk_cust_id_seq'::regclass)")
('finance', 'dimcustar', 'version', 2, 'integer', 'int4', 'YES', None)
('finance', 'dimcustar', 'date_from', 3, 'timestamp without time zone', 'timestamp', 'YES', None)
('finance', 'dimcustar', 'date_to', 4, 'timestamp without time zone', 'timestamp', 'YES', None)
('finance', 'dimcustar', 'principal', 5, 'character varying', 'varchar', 'YES', None)
('finance', 'dimcustar', 'department', 6, 'character varying', 'varchar', 'YES', None)
('finance', 'dimcustar', 'coa_name', 7, 'character varying', 'varchar', 'YES', None)
('finance', 'dimcustar', 'customerid', 8, 'integer', 'int4', 'YES', None)
('finance', 'dimcustar', 'customercode', 9, 'character varying', 'varchar', 'YES', None)
('finance', 'dimcustar', 'customername', 10, 'character varying', 'varchar', 'YES', None)
('finance', 'dimcustar', 'customertypename', 12, 'character varying', 'varchar', 'YES', None)
('finance', 'dimcustar', 'customerareacode', 13, 'character varying', 'varchar', 'YES', None)
('finance', 'dimcustar', 'customerareaname', 14, 'character varying', 'varchar', 'YES', None)
('finance', 'dimcustar', 'statuscustomer', 15, 'character varying', 'varchar', 'YES', None)
('finance', 'dimcustar', 'paymentterm', 16, 'integer', 'int4', 'YES', None)
('finance', 'dimcustar', 'phone', 18, 'character varying', 'varchar', 'YES', None)
('finance', 'dimcustar', 'email', 19, 'character varying', 'varchar', 'YES', None)
('finance', 'dimcustar', 'npwp', 20, 'character varying', 'varchar', 'YES', None)
('finance', 'dimcustar', 'createdate', 21, 'timestamp without time zone', 'timestamp', 'YES', None)
('finance', 'dimcustar', 'status', 22, 'integer', 'int4', 'YES', None)
('finance', 'dimcustar', 'customerrankid', 23, 'integer', 'int4', 'YES', None)
('finance', 'dimcustar', 'customerrankcode', 24, 'character varying', 'varchar', 'YES', None)
('finance', 'dimcustar', 'customerrankname', 25, 'character varying', 'varchar', 'YES', None)
('finance', 'dimcustar', 'customerchannelid', 26, 'integer', 'int4', 'YES', None)
('finance', 'dimcustar', 'customerchannelcode', 27, 'character varying', 'varchar', 'YES', None)
('finance', 'dimcustar', 'customerchannelname', 28, 'character varying', 'varchar', 'YES', None)
('finance', 'dimcustar', 'businessgroupid', 30, 'integer', 'int4', 'YES', None)
('finance', 'dimcustar', 'businessgroupname', 31, 'character varying', 'varchar', 'YES', None)
('finance', 'dimcustar', 'creditlimit', 33, 'numeric', 'numeric', 'YES', None)
('finance', 'fact_ap_asw', 'sk_cust_id', 1, 'bigint', 'int8', 'YES', None)
('finance', 'fact_ap_asw', 'date_dim_id', 2, 'bigint', 'int8', 'YES', None)
('finance', 'fact_ap_asw', 'suppliercode', 3, 'character varying', 'varchar', 'YES', None)
('finance', 'fact_ap_asw', 'itemtype', 4, 'character varying', 'varchar', 'YES', None)
('finance', 'fact_ap_asw', 'itemnumber', 5, 'character varying', 'varchar', 'NO', None)
('finance', 'fact_ap_asw', 'paymentterm', 6, 'integer', 'int4', 'YES', None)
('finance', 'fact_ap_asw', 'itemdate', 7, 'date', 'date', 'YES', None)
('finance', 'fact_ap_asw', 'itemduedate', 8, 'date', 'date', 'YES', None)
('finance', 'fact_ap_asw', 'voucherno', 12, 'character varying', 'varchar', 'YES', None)
('finance', 'fact_ap_asw', 'voucherdate', 13, 'date', 'date', 'YES', None)
('finance', 'fact_ap_asw', 'statuspenagihan', 14, 'character varying', 'varchar', 'YES', None)
('finance', 'fact_ap_asw', 'suppliername', 31, 'character varying', 'varchar', 'YES', None)
('finance', 'fact_ap_asw', 'nettotal', 37, 'numeric', 'numeric', 'YES', None)
('finance', 'fact_ap_asw', 'amountpaid', 38, 'numeric', 'numeric', 'YES', None)
('finance', 'fact_ap_asw', 'balance', 39, 'numeric', 'numeric', 'YES', None)
('finance', 'fact_ap_asw', 'daysoutstanding', 40, 'numeric', 'numeric', 'YES', None)
('finance', 'fact_ap_asw', 'duedatedays', 41, 'numeric', 'numeric', 'YES', None)
('finance', 'fact_ar_asw', 'sk_cust_id', 1, 'bigint', 'int8', 'YES', None)
('finance', 'fact_ar_asw', 'date_dim_sk', 2, 'bigint', 'int8', 'YES', None)
('finance', 'fact_ar_asw', 'itemtype', 4, 'character varying', 'varchar', 'YES', None)
('finance', 'fact_ar_asw', 'itemnumber', 5, 'character varying', 'varchar', 'NO', None)
('finance', 'fact_ar_asw', 'paymentterm', 6, 'integer', 'int4', 'YES', None)
('finance', 'fact_ar_asw', 'invoicetype', 7, 'character varying', 'varchar', 'YES', None)
('finance', 'fact_ar_asw', 'itemdate', 8, 'date', 'date', 'YES', None)
('finance', 'fact_ar_asw', 'itemduedate', 9, 'date', 'date', 'YES', None)
('finance', 'fact_ar_asw', 'arrivedate', 10, 'timestamp without time zone', 'timestamp', 'YES', None)
('finance', 'fact_ar_asw', 'voucherno', 14, 'character varying', 'varchar', 'YES', None)
('finance', 'fact_ar_asw', 'voucherdate', 15, 'date', 'date', 'YES', None)
('finance', 'fact_ar_asw', 'statuspenagihan', 16, 'character varying', 'varchar', 'YES', None)
('finance', 'fact_ar_asw', 'custcodeascend', 33, 'character varying', 'varchar', 'YES', None)
('finance', 'fact_ar_asw', 'custnameascend', 34, 'character varying', 'varchar', 'YES', None)
('finance', 'fact_ar_asw', 'reg_fes', 40, 'character varying', 'varchar', 'YES', None)
('finance', 'fact_ar_asw', 'nettsellingin', 41, 'numeric', 'numeric', 'YES', None)
('finance', 'fact_ar_asw', 'amountpaid', 42, 'numeric', 'numeric', 'YES', None)
('finance', 'fact_ar_asw', 'balance', 43, 'numeric', 'numeric', 'YES', None)
('finance', 'fact_ar_asw', 'daysoutstanding', 44, 'numeric', 'numeric', 'YES', None)
('finance', 'fact_ar_asw', 'duedatedays', 45, 'numeric', 'numeric', 'YES', None)

__HERMES_CWD_45d21f790b44__/home/cmswh/Desktop/python/forecast_engine__HERMES_CWD_45d21f790b44__
